Quellzeile,Autor/Herausgeber,Erscheinungsjahr,Titel (Auflage),Ort,Vermerk im Buch,Standort (Raum),Regal,Fach,Anzahl des Exemplares in Thulb,Seitenanzahl,Teil von (Buchreihe etc)
2,"Admoni, Vladimir",1966,Der deutsche Sprachbau,,Institut für Mundartforschung,E 006 Handbibliothek Dialektologie,links vorn,1. von oben,verfügbar in verschiedenen Auflagen (GER:ND:0052:Adm::1982)(2021 A 1302),284,
3,"Alanne, Eero",1950,Die deutsche Weinbauterminologie in althochdeutscher und mittelhochdeutscher Zeit mittelhochdeutscher Zeit mittelhochdeutscher Zeit,Helsinki,FSU Jena Abteilung Mundartforschung,E 006 Handbibliothek Dialektologie,links vorn,1. von oben,einmal verfügbar (8 R 198B :65.1)(8 Diss.Helsinki 1949/50(2)),248,
4,"Ammer, Karl",1958,Einführung in die Sprachwissenschaft Band 1,Halle (Saale),Institut für Mundartforschung,E 006 Handbibliothek Dialektologie,links vorn,1. von oben,einmal verfügbar (	2002 A 2990),212,
5,"Andresen, Karl Gustav",1898,Sprachgebrauch und Sprachrichtigkeit im Deutschen,Leipzig,Institut für Mundartforschung,E 006 Handbibliothek Dialektologie,links vorn,1. von oben,"verfügbar in verschiedenen Auflagen, auch als E-Book (8 Gl.IX,223/5)(8 Gl.IX,223/8)(2003 A 3088)",468,
6,"Apresjan, Ju. D.",1971,Ideen und Methoden der modernen strukturellen Linguistik,Berlin,FSU Jena Abteilung Mundartforschung,E 006 Handbibliothek Dialektologie,links vorn,1. von oben,zwei Ausgaben verfügbar (71 A 902)(ASW:AD:2530:Apr::1971),303,
7,"Arens, Hans",1955,Sprachwissenschaft - Der Gang ihrer Entwicklung von der Antike bis zur Gegenwart,Freiburg (Breisgau),Institut für Mundartforschung,E 006 Handbibliothek Dialektologie,links vorn,1. von oben,verfügbar in verschiedenen Auflagen (GER:LA:0259:Are::1969)(2012 NA 7803),568,
8,"Bach, H.",1943,"Die thüringisch-sächsische Kanzlersprache bis 1325 - 2. Teil: druckschwache Silben, Konsonantismus, Formenlehre",Kopenhagen,Institut für Mundartforschung,E 006 Handbibliothek Dialektologie,links vorn,1. von oben,x,192,
9,"Bach, Adolf",1930,Die nassauische Sprachlandschaft,Bonn,Institut für Mundartforschung,E 006 Handbibliothek Dialektologie,links vorn,1. von oben,"einmal verfügbar (GER:UB:0408:Bac::1930)(8 Boruss.VI,1/22 :15)",57,
10,"Bacher, Josef",1905,Die deutsche Sprachinsel Lusern,Innsbruck,Institut für Mundartforschung,E 006 Handbibliothek Dialektologie,links vorn,1. von oben,"einmal verfügbar (8 Austr.II,10/20 :10)",440,
11,"von Bahder, Karl",1880,Über ein vokalisches Problem des Mitteldeutschen,Halle (Saale),Institut für Mundartforschung,E 006 Handbibliothek Dialektologie,links vorn,1. von oben,einmal verfügbar (Ltz 439),46,
12,"Barden, Birgit & Großkopf, Beate / Haas, Walter & Wagener, Peter",1998,Sprachliche Akkomodation und soziale Integration - Sächsische Übersiedler und Übersiedlerinnen im rhein-/moselfränkischen und allemannischen Sprachraum,Tübingen,Arbeitsstelle Thüringisches Wörterbuch,E 006 Handbibliothek Dialektologie,links vorn,1. von oben,x,404,Phonai Band 43
13,"Bach, Adolf",1953,Geschichte der deutschen Sprache,Heidelberg,Institut für Mundartforschung,E 006 Handbibliothek Dialektologie,links vorn,1. von oben,verfügbar in verschiedenen Auflagen (8 M 15397),308,
14,"Baldinger, Kurt",1957,Die Semasiologie - Versuch eines Überblicks,Berlin,Institut für Mundartforschung,E 006 Handbibliothek Dialektologie,links vorn,1. von oben,"einmal verfügbar, auch als E-Book (2002 SA 697)",40,
15,"Bannert, Robert",1976,Mittelbairische Phonologie auf akustischer und perzeptorischer Grundlage,Malmö,FSU Jena Abteilung Mundartforschung,E 006 Handbibliothek Dialektologie,links vorn,1. von oben,x,172,
16,"Baumgärtner, Klaus",1959,Zur Syntax der Umgangssprache in Leipzig,Berlin,FSU Jena Abteilung Mundartforschung,E 006 Handbibliothek Dialektologie,links vorn,1. von oben,"einmal verfügbar, auch als E-Book (8 R 773 :14)",131,
17,"Becker, Horst",1933,Mundart und Geschichte im Osterzgebirge,Leipzig,Institut für Mundartforschung,E 006 Handbibliothek Dialektologie,links vorn,1. von oben,"einmal verfügbar, auch als E-Book (8 Gl.IX,110/135 :6)",67,
18,"Behaghel, Otto",1953,Die deutsche Sprache,Halle (Saale),Institut für Mundartforschung,E 006 Handbibliothek Dialektologie,links vorn,1. von oben,neuere Auflage verfügbar (GER:ME:1000:A5::1911)(2001 A 263),308,
19,"Steinitz, Wolfgang",1952,Beiträge aus der sowjetischen Sprachwissenschaft Folge 1,Berlin,Institut für Mundartforschung,E 006 Handbibliothek Dialektologie,links vorn,1. von oben,einmal verfügbar (8 R 75 :13),156,
20,"Bellmann, Günter",1986,Beiträge zur Dialektologie am Mittelrhein,Stuttgart,FSU Jena Abteilung Mundartforschung,E 006 Handbibliothek Dialektologie,links vorn,1. von oben,x,284,
21,"Benesch, Irmfried",1938,Lautgeographie der Schönhengster Mundarten,Brünn,Landesstelle für thüringische Mundartenforschung,E 006 Handbibliothek Dialektologie,links vorn,1. von oben,"einmal verfügbar (8 Gl.IX,241 :3)",186,
22,"Beranek, Franz J.",1955,Mitteilungen aus dem Arbeitskreis für Jiddistik,Butsbach,Institut für Mundartforschung,E 006 Handbibliothek Dialektologie,links vorn,1. von oben,in einem Zeitschriftenband vorhanden (8 Z 1796 :1.1955/59),92,
23,"Bergmann, Gunter",1965,Das Vorerzgebirgische - Mundart und Umgangssprache im Industriegebiet um Karl-Marx-Stadt bis Zwickau,Halle (Saale),Institut für Mundartforschung,E 006 Handbibliothek Dialektologie,links vorn,1. von oben,x,Kartenband,
24,"Bergmann, Gunter",1964,Mundarten und Mundartforschung ,Leipzig,Institut für Mundartforschung,E 006 Handbibliothek Dialektologie,links vorn,1. von oben,einmal verfügbar (GER:MB:1000:::1964)(8 S 8809),88,
25,"Bergmann, Erhard",1970,Wörterbuch der Mundart im Kreise Gablonz,Schwäbisch Gmünd,FSU Jena Abteilung Mundartforschung,E 006 Handbibliothek Dialektologie,links vorn,1. von oben,x,161,
26,"Berthold, L.",1955,Das wortgeographische Prinzip in den deutschen Mundartwörterbüchern,Louvain,Institut für Mundartforschung,E 006 Handbibliothek Dialektologie,links vorn,1. von oben,x,415 - 427,Orbis No 2
27,"Berthold, Luise",1955,Verstöße gegen die Lautgesetze und ihre Gründe,nicht vorhanden,Landesstelle für thüringische Mundartenforschung,E 006 Handbibliothek Dialektologie,links vorn,1. von oben,x,55 - 68,
28,"Bertsch, Albert",1938,Wörterbuch der Kunden- und Gaunersprache,Berlin,FSU Jena Abteilung Mundartforschung,E 006 Handbibliothek Dialektologie,links vorn,1. von oben,"einmal verfügbar (8 Gl.IX,230/28)",130,
29,"Vetter, Walter",1937,Die persönlichen Fürwörter im thüringischen Sprachraum ,Weimar,Landesstelle für thüringische Mundartenforschung,E 006 Handbibliothek Dialektologie,links vorn,1. von oben,einmal verfügbar (2005 SA 2775),64,
30,"Bielfeldt, Hans Holm",1965,Die Entlehnungen aus den verschiedenen slavischen Sprachen im Wortschatz der neuhochdeutschen Schriftsprache,Berlin,Institut für Mundartforschung,E 006 Handbibliothek Dialektologie,links vorn,1. von oben,"einmal verfügbar, auch als E-Book (8 R 66c :1965.1)",59,
31,"Bielfeldt, Hans Holm",1933,Lautlehre der deutschen Lehnwörter im Obersorbischen,Gräfenhainichen,FSU Jena Abteilung Mundartforschung,E 006 Handbibliothek Dialektologie,links vorn,1. von oben,x,86,
32,"Bischoff, Karl",1954,Elbostfälische Studien,Halle (Saale),Institut für Mundartforschung,E 006 Handbibliothek Dialektologie,links vorn,1. von oben,zweimal verfügbar (GER:UB:0530:Bis::1954)(8 R 685 :14),153,"Mitteldeutsche Studien Hrsg. Frings, Bischoff (14)"
33,"Bischoff, Karl",1935,Studien zur Dialektgeographie des Elbe-Saale-Gebietes in den Kreisen Calbe und Zerbst,Marburg,Institut für Mundartforschung,E 006 Handbibliothek Dialektologie,links vorn,1. von oben,"einmal vorhanden (8 Gl.IX,110/80 :36.1)",207,Deutsche Dialektgeographie Hrsg. Wrede
34,"Bischoff, Johannes E.",1994,Lexikon deutscher Hugenotten-Orte,Bad Karlshafen,Arbeitsstelle Thüringisches Wörterbuch,E 006 Handbibliothek Dialektologie,links vorn,1. von oben,x,313 + Heft mit dazugehörigen Karten,
35,"Bischoff, Karl",1935,Volkssprache an Elbe und Saale,Barbn,FSU Jena Abteilung Mundartforschung,E 006 Handbibliothek Dialektologie,links vorn,1. von oben,x,47,
36,"Bischoff, Karl",1957,Zur Geschichte des Niederdeutschen südlich der ik/ich-Linie zwischen Harz und Saale,Berlin,FSU Jena Abteilung Mundartforschung,E 006 Handbibliothek Dialektologie,links vorn,1. von oben,"einmal verfügbar, auch als E-Book (8 R 99B :102,6)",47,Berichte über die Verhandlungen der sächsischen Akademie der Wissenschaften zu Leipzig Heft 6
37,"Bischoff, Karl",1958,Sprachliche Beziehungen zwischen Niederdeutschem Altland und Neuland im Bereich der mittleren Elbe,Berlin,Institut für Mundartforschung,E 006 Handbibliothek Dialektologie,links vorn,1. von oben,"einmal verfügbar, auch als E-Book (8 R 99B :103.4)",53,Berichte über die Verhandlungen der sächsischen Akademie der Wissenschaften zu Leipzig Heft 4
38,"Bischoff, Karl",1933,Studien zur Dialektgeographie der Kreise Calbe (Saale) und Zerbst (Anhalt),Marburg,FSU Jena Abteilung Mundartforschung,E 006 Handbibliothek Dialektologie,links vorn,1. von oben,"einmal verfügbar (8 Gl.IX,110/80 :36.1)",32,
39,"Bischoff, Karl",1967,Sprache und Geschichte an der mittleren Elbe und der unteren Saale,"Köln, Graz",FSU Jena Abteilung Mundartforschung,E 006 Handbibliothek Dialektologie,links vorn,1. von oben,einmal verfügbar (ARC:DW:990:::1967)(8 R 752 :52),307,Mitteldeutsche Forschungen Bd. 52
40,"Bischoff, Karl",1977,Akener Wörterbuch,"Köln, Wien",FSU Jena Abteilung Mundartforschung,E 006 Handbibliothek Dialektologie,links vorn,1. von oben,einmal verfügbar (93 A 835/1),189,Mitteldeutsche Forschungen Bd. 82
41,"Blöcher, Elsa",1985,Beiträge zur Geschichte des Hinterlandes,Biedenkopf,FSU Jena Abteilung Mundartforschung,E 006 Handbibliothek Dialektologie,links vorn,1. von oben,x,482,
42,"Blumenstock, Friedrich",1911,Die Mundart von Klein-A….nerspann OA Gerabronn,Tübingen,FSU Jena Abteilung Mundartforschung,E 006 Handbibliothek Dialektologie,links vorn,1. von oben,x,82,
43,"Bohnenberger, Karl",1928,Über Ostgrenze des alemannischen - Tatsächliches und grundsätzliches,Halle (Saale),Landesstelle für thüringische Mundartenforschung,E 006 Handbibliothek Dialektologie,links vorn,1. von oben,x,75 + 1 Karte,
44,"Böcher, Otto",1985,Kleines Lexikon des studentischen Brauchtums,Lahr/Schwarzwald,Arbeitsstelle Thüringisches Wörterbuch,E 006 Handbibliothek Dialektologie,links vorn,1. von oben,zwei Auflagen (HIS:AB:270:::1985)(HIS:AB:270:::2001),48,
45,"Bohnenberger, Karl",1928,Die Mundarten Württembergs,Stuttgart,FSU Jena Abteilung Mundartforschung,E 006 Handbibliothek Dialektologie,links vorn,1. von oben,als E-Book,112,Schwäbische Volkskunde Hrsg. Lämmle (4. Buch)
46,"Bock, Gudrun",1965,Die Mundart von Waldau bei Schleusingen,Köln/Graz,Institut für Mundartforschung,E 006 Handbibliothek Dialektologie,links vorn,1. von oben,einmal verfügbar (95 A 4263/1),94 + Kartenverzeichnis,Mitteldeutsche Forschungen (Bd. 35)
47,"Bopp, Franz",1853,Über die Sprache der alten Preußen in ihren verwandtschaftlichen Beziehungen,Berlin,Institut für Mundartforschung,E 006 Handbibliothek Dialektologie,links vorn,1. von oben,x,55,
48,"Borchers, Erich",1927,Sprach- und Gründungsgeschichte der erzgebirgischen Kolonie im Oberharz,Marburg,Institut für Mundartforschung,E 006 Handbibliothek Dialektologie,links vorn,1. von oben,"einmal verfügbar (8 Gl.IX,110/80 :22)",148,Deutsche Dialektgeographie Hrsg. Wrede (Heft 22)
49,"Böttger, Oswin",1904,Der Satzbau der erzgebirgischen Mundart,Halle (Saale),Sprachwissenschaftliches Seminar Universität Jena,E 006 Handbibliothek Dialektologie,links vorn,1. von oben,x,178,
50,"Brandstetter, Renward",1904,Der Genitiv der Luzerner Mundart in Gegenwart und Vergangenheit,Zürich,Sprachwissenschaftliches Seminar Universität Jena,E 006 Handbibliothek Dialektologie,links vorn,1. von oben,x,78,Abhandlungen Hrsg. Gesellschaft für deutsche Sprache in Zürich (Heft 10)
51,"Brandt, Gisela",1988,"Volksmassen, sprachliche Kommunikation, Sprachentwicklung unter den Bedingungen der frühbürgerlichen Revolution (1517-1526)",Berlin,FSU Jena Abteilung Mundartforschung,E 006 Handbibliothek Dialektologie,links vorn,1. von oben,"einmal verfügbar, auch als E-Book (GER:MN:1500:::1988)(89 A 353)",247,
52,"Braune, Wilhelm",1913,Abriss der althochdeutschen Grammatik mit Berücksichtigung des Altsächsischen (5. Aufl.),Halle (Saale),Institut für Mundartforschung,E 006 Handbibliothek Dialektologie,links vorn,1. von oben,"verfügbar in verschiedenen Auflagen (Ltz 250)(2009 SA 1720)(8 Gl.I,213/15H)(8 Gl.I,213/15G :1)",66,
53,"Braun, Hermann",1938,Wortgeographie des historischen Egerlandes ,Halle (Saale),Landesstelle für thüringische Mundartenforschung,E 006 Handbibliothek Dialektologie,links vorn,1. von oben,"einmal verfügbar (8 Gl.IX,110/135 :16)",228,Mitteldeutsche Studien Hrsg. Frings (12)
54,"Braun, Barbara",1942,Wortgeographie schlesischer Pflanzennamen,Halle (Saale),Institut für Mundartforschung,E 006 Handbibliothek Dialektologie,links vorn,1. von oben,"einmal verfügbar (8 Gl.IX,110/135 :18)",113 + Kartenverzeichnis,
55,"Braune, Wilhelm",1949,Althochdeutsches Lesebuch (11. Aufl.),Halle (Saale),Landesstelle für thüringische Mundartenforschung,E 006 Handbibliothek Dialektologie,links vorn,2. von oben,"verfügbar in verschiedenen Auflagen (8 Gl.IX,181/8)(8 Gl.IX,181/12)(2001 A 716)(GER:EA:4410:::1949)(8 Gl.IX,181/15)(GER:EA:4410:Bra::1994:)(2023 NA 2450)(GER:EA:4410:::1962)",243,
56,"Braune, Wilhelm",1947,Gotische Grammatik mit Lesestücken  und Wortverzeichnis,Halle (Saale),Landesstelle für thüringische Mundartenforschung,E 006 Handbibliothek Dialektologie,links vorn,2. von oben,"verfügbar in verschiedenen Auflagen (GER:MH:1000:A12::1947)(2001 A 1019)(GER:MH:1000:A11::1939)(GER:MH:1000:)(8 Gl.I,213/13L)",192,Sammlungen kurzer Grammatiken germanischer Dialekte Hrsg. Helm (Nr. 1)
57,"Bräutigam, Kurt",1934,Die Mannheimer Mundart,Heidelberg,FSU Jena Abteilung Mundartforschung,E 006 Handbibliothek Dialektologie,links vorn,2. von oben,x,144,
58,"Bredtmann, Hermann",1938,Die Belberter Mundart - Ein kurzer Abriss der Laut- und Formenlehre nebst einem Wörterverzeichnis,Wuppertal-Elberfeld,Landesstelle für thüringische Mundartenforschung,E 006 Handbibliothek Dialektologie,links vorn,2. von oben,x,131,
59,"Bremer, Otto",1918,Deutsche Lautkunde - Hilfsbüchlein für den Unterricht in den oberen Klassen der höheren Lehranstalten,Leipzig,FSU Jena Abteilung Mundartforschung,E 006 Handbibliothek Dialektologie,links vorn,2. von oben,"einmal verfügbar (8 Gl.IX,106/38)",82,
60,"Brenner, Oscar",1902,Die lautlichen und geschichtlichen Grundlagen unserer Rechtschreibung,Leipzig,Institut für Mundartforschung,E 006 Handbibliothek Dialektologie,links vorn,2. von oben,"einmal verfügbar, auch als E-Book (8 Gl.IX,73/45(7))",68,
61,"Brettschneider, Anneliese",1934,Die Heliandheimat und ihre sprachgeschichtliche Entwicklung,Marburg,Institut für Mundartforschung,E 006 Handbibliothek Dialektologie,links vorn,2. von oben,"einmal verfügbar (8 Gl.IX,110/80 :30)",322,Deutsche Dialektgeographie Hrsg. Wrede (Heft 30)
62,"Brettschneider, Anneliese",1934,Deutsche Mundartenkunde,Marburg,FSU Jena Abteilung Mundartforschung,E 006 Handbibliothek Dialektologie,links vorn,2. von oben,"einmal verfügbar (8 Gl.IX,169/21)",104,
63,"Bretz, Gerda",1977,"Die mundartliche Fachsprache der Spinnerei und Weberei in Heltau, Siebenbürgen in ihren räumlichen, zeitlichen und sachlichen Bezügen",Hamburg,FSU Jena Abteilung Mundartforschung,E 006 Handbibliothek Dialektologie,links vorn,2. von oben,x,198,
64,"Breznik, Pavel",1935,"1. Die Mundart der hochdeutschen Ansiedelung Franztal in Jugoslawien, 2. Zur Heimatfrage der Siebenbürger Sachsen",Halle (Saale),Institut für Mundartforschung,E 006 Handbibliothek Dialektologie,links vorn,2. von oben,x,77,
65,"Brockmans, Anna Luise",1939,Untersuchungen zu den Haustiernamen des Rheinlands,Bonn,FSU Jena Abteilung Mundartforschung,E 006 Handbibliothek Dialektologie,links vorn,2. von oben,"einmal verfügbar (8 Boruss.VI,1/22)",80,
66,"Bromm, Ernst/ Corell, Hans",1936,"Studien zur Dialektgeographie der Kreise Marburg, Kirchhain, Frankenberg/ Studien zur Dialektgeographie der ehemaligen Grafschaft Ziegenhain und benachbarter Gebietsteile",Marburg,Institut für Mundartforschung,E 006 Handbibliothek Dialektologie,links vorn,2. von oben,verfügbar in einem Zeitschriftenband ,215,Deutsche Dialektgeographie Hrsg. Wrede (Heft 7)
67,"Bruch, Robert",1953,Grundlegung einer Geschichte des Luxemburgischen,Luxemburg,Institut für Mundartforschung,E 006 Handbibliothek Dialektologie,links vorn,2. von oben,einmal verfügbar (8 R 815 :1),"262, 154 (zweiteilig)",
68,"Busemann, A",1925,Die Sprache der Jugend als Ausdruck der Entwicklungsrhythmik,Jena,Institut für Mundartforschung,E 006 Handbibliothek Dialektologie,links vorn,2. von oben,"einmal verfügbar (8 Ph.VII,169/220 :2)",98,
69,"Bubner, Rudolf Helmut",1928,Untersuchungen zur Dialektgeographie des Berrgischen Landes zwischen Agger und Dhünn,Marburg,FSU Jena Abteilung Mundartforschung,E 006 Handbibliothek Dialektologie,links vorn,2. von oben,x,40,
70,"Brunner, Karl",1951,Die Englische Sprache - ihre geschichtliche Entwicklung (2. Band),Halle (Saale),Institut für Mundartforschung,E 006 Handbibliothek Dialektologie,links vorn,2. von oben,dreimal verfügbar (2001 A 1816 :2)(ANG:FC:231:Bru::1984)(8 R 153B :6.2),423,Sammlung kurzer Grammatiken germanischer Dialekte Hrsg. Helm (Nr. 6)
71,"Brunner, Karl",1950,Die Englische Sprache - ihre geschichtliche Entwicklung (1. Band),Halle (Saale),Institut für Mundartforschung,E 006 Handbibliothek Dialektologie,links vorn,2. von oben,dreimal verfügbar (ANG:FC:231:Bru::1984)(2001 A 1816 :1)(8 R 153B :6.1),352,Sammlung kurzer Grammatiken germanischer Dialekte Hrsg. Helm (Nr. 6)
72,"Brandis, Eduard",1893,"Zur Lautlehre der Erfurter Mundart, II.",Erfurt,Institut für Mundartforschung,E 006 Handbibliothek Dialektologie,links vorn,2. von oben,im Magazin (2018 SA 2297),18,
73,"Brunner, Karl",1948,Abriss der mittelenglischen Grammatik (2. Aufl.),Halle (Saale),Institut für Mundartforschung,E 006 Handbibliothek Dialektologie,links vorn,2. von oben,"verschiedene Auflagen, u.a. auch 2. Aufl. (8 Gl.I,13/15B :6)",114,
74,"Buchda, Gerhard",1971,Die Schöffenspruchsammlung der Stadt Pössneck Teil IV Wort- und Sachregister,Weimar,FSU Jena Sektion Sprachwissenschaft Fachbereich Deutsch Mundartforschung,E 006 Handbibliothek Dialektologie,links vorn,2. von oben,einmal verfügbar (HIS:UO:148:a:(10):1971)(2005 A 6200 :4),377,Thüringische Archivstudien Band 10
75,"Corell, Hans",1914,Studien zur Dialektgeographie der ehemaligen Grafschaft Ziegenhain und benachbarter Gebietsteile,Marburg,FSU Jena Sektion Sprachwissenschaft Fachbereich Deutsch Mundartforschung,E 006 Handbibliothek Dialektologie,links vorn,2. von oben,verfügbar in einem Zeitschriftenband ,64,
76,"Christmann, E.",1927,Der Lautbestand des Rheinfränkischen und sein Wandel in der Mundart von Kaulbach (Pfalz),Speyer am Rhein,FSU Jena Sektion Sprachwissenschaft Fachbereich Deutsch Mundartforschung,E 006 Handbibliothek Dialektologie,links vorn,2. von oben,"einmal verfügbar (4 Hist.lit.VII,58/50 :2)",108,
77,"Christmann, E.",1931,"Sprachbewegungen in der Pfalz - Richtungen und Schranken, Restformen und Restgebiete",Speyer am Rhein,Institut für Mundartforschung,E 006 Handbibliothek Dialektologie,links vorn,2. von oben,"einmal verfügbar (4 Hist.lit.VII,58/50 :19)",104,
78,"Dahlberg, Torsten",1941,Studien über den Wortschatz Südhannovers - Erläuterungen zu Georg Schambachs Wörterbuch der Fürstentümer Göttingen und Grubenhagen,Lund,FSU Jena Sektion Sprachwissenschaft Fachbereich Deutsch Mundartforschung,E 006 Handbibliothek Dialektologie,links vorn,2. von oben,x,110 + 86 Karten Anhang,Lunder Germanistische Forschungen 11
79,Deutscher Abend in Halle,1894,Studentensprache und Studentenlied in Halle vor hundert Jahren,Halle (Saale),Institut für Mundartforschung,E 006 Handbibliothek Dialektologie,links vorn,2. von oben,"verfügbar, auch als E-Book (8 Gl.IX,230/8)",127,
80,"Diedrichs, Elisabeth",1952,Die Schlüsselblume - Untersuchungen zum Deutschen Wortatlas,Giessen,Institut für Mundartforschung,E 006 Handbibliothek Dialektologie,links vorn,2. von oben,x,92,
81,"Diegritz, Theodor",1971,Lautgeographie des westlichen Mittelfrankens,Neustadt an der Aisch,Universitätsbibliothek Jena,E 006 Handbibliothek Dialektologie,links vorn,2. von oben,einmal verfügbar (2011 A 4804),383 + Karten im Anhang,Schriften des Instituts für fränkische Landesforschung n der Universität Erlangen-Nürnberg Band 14
82,"Dingelden, Hugo",1910,"Ethmologisches Fachwörterbuch zur Mathematik, Physik, Chemie und Mineralogie",Breslau,Institut für Mundartforschung,E 006 Handbibliothek Dialektologie,links vorn,2. von oben,x,57,
83,"Dunger, Hermann",1870,Ueber Dialect und Volkslied des Vogtlands,Plauen im Vogtland,Institut für Mundartforschung,E 006 Handbibliothek Dialektologie,links vorn,2. von oben,x,24,
84,"Dusanek, Helena",1978,"Vergleichende Untersuchungen an Kindern über das Erkennen von Begriffen bei hochdeutscher, schwäbischer, hessischer und hamburgischer Sprachweise unter Verwendung eines Audio-visuellen Tests",Prag,FSU Jena Sektion Sprachwissenschaft Fachbereich Deutsch Mundartforschung,E 006 Handbibliothek Dialektologie,links vorn,2. von oben,x,47,
85,"Eckhardt, Olga",1937,Die Sportsprache von Nürnberg und Fürth - Eine volkssprachliche Untersuchung,Erlangen,FSU Jena Sektion Sprachwissenschaft Fachbereich Deutsch Mundartforschung,E 006 Handbibliothek Dialektologie,links vorn,2. von oben,x,64,
86,"Ehret, Karl",1911,Lautlehre der Mundart von St. Georgen im Breisgau,Freiburg (Breisgau),Institut für Mundartforschung,E 006 Handbibliothek Dialektologie,links vorn,2. von oben,als E-Book,62,
87,"Eilenberger, Rudolf",1910,"Pennälersprache - Entwicklung, Wortschatz und Wörterbuch",Straßburg,FSU Jena Sektion Sprachwissenschaft Fachbereich Deutsch Mundartforschung,E 006 Handbibliothek Dialektologie,links vorn,2. von oben,"zweimal verfügbar, auch als E-Book (2010 SA 1829)",68,
88,"Eis, Gerhard",1958,Historische Laut- und Formenlehre des Mittelhochdeutschen,Halle (Saale),Institut für Mundartforschung,E 006 Handbibliothek Dialektologie,links vorn,2. von oben,dreimal verfügbar  (2001 A 837)(GER:ML:3000:Eis::1958)(8 M 15276),160,
89,"Engelmann, Walter",1915,Der Vokalismus der Mundarten im Gebiete um Rudolstadt unter Zugrundelegung der Mundart von Kirchhasel,Borna-Leipzig,FSU Jena Sektion Sprachwissenschaft Fachbereich Deutsch Mundartforschung,E 006 Handbibliothek Dialektologie,links vorn,2. von oben,einmal verfügbar (2005 J 358),55,
90,"von Essen, Otto",1964,Kirchwerder bei Hamburg,Göttingen,FSU Jena Sektion Sprachwissenschaft Fachbereich Deutsch Mundartforschung,E 006 Handbibliothek Dialektologie,links vorn,2. von oben,x,77,Lautbibliothek der deutschen Mundarten 33/34
91,"von Essen, Otto",1953,Allgemeine und angewandte Phonetik,Berlin,Institut für Mundartforschung,E 006 Handbibliothek Dialektologie,links vorn,2. von oben,"in verschiedenen Auflagen verfügbar, u.a. 1. Aufl. (8 M 5660)",168,
92,"Eckardt, Guido",1911,Wie man in Riga spricht,Riga,FSU Jena Sektion Sprachwissenschaft Fachbereich Deutsch Mundartforschung,E 006 Handbibliothek Dialektologie,links vorn,2. von oben,als E-Book,47,
93,,,Die Mundart von Ehningen a. D. ,,Landesstelle für thüringische Mundartenforschung,E 006 Handbibliothek Dialektologie,links vorn,2. von oben,x,17,
94,,,Die Mundart von Ehningen a. D. ,,Landesstelle für thüringische Mundartenforschung,E 006 Handbibliothek Dialektologie,links vorn,2. von oben,x,17,
95,"Feudel, Günter (Hrsg.)",1977,Existenzformen germanischer Sprachen - soziale Basis und typologische Kennzeichen,Berlin,FSU Jena Sektion Sprachwissenschaft Fachbereich Deutsch Mundartforschung,E 006 Handbibliothek Dialektologie,links vorn,2. von oben,"zweimal verfügbar, auch als E-Book (GER:MJ:1500:::1977)(77 A 3496)",160,
96,"Faulseit, Dieter",1975,Das Fachwort in unserem Sprachalltag,Leipzig,FSU Jena Sektion Sprachwissenschaft Fachbereich Deutsch Mundartforschung,E 006 Handbibliothek Dialektologie,links vorn,2. von oben,zweimal verfügbar (GER:W0:8000:c::1975)(76 A 49),116,
97,"Faber, Georg",1912,Der Vokalismus der Mundarten am nördlichen Pfahlgraben,Darmstadt,FSU Jena Sektion Sprachwissenschaft Fachbereich Deutsch Mundartforschung,E 006 Handbibliothek Dialektologie,links vorn,2. von oben,x,39 + Karte,
98,"Feller, Otto",1914,Das Fürwort in der Mundart von Gerolzhofen (Ufr.) - Ein Beitrag zur Syntax der ostfränkischen Mundarten,Würzburg,FSU Jena Sektion Sprachwissenschaft Fachbereich Deutsch Mundartforschung,E 006 Handbibliothek Dialektologie,links vorn,2. von oben,x,52,
99,"Feist, Sigmund",1924,Indogermanen und Germanen - Ein Beitrag zur europäischen Urgeschichtsforschung (3.Aufl.),Halle (Saale),Institut für Mundartforschung,E 006 Handbibliothek Dialektologie,links vorn,2. von oben,"zweimal verfügbar, u.a. 3. Aufl.( IDG:EU:8500:Fei::1924) (8 Gl.I,218/57)",156,
100,"Fishman, Joshua A.",1968,Readings in the Sociology of Language,Paris,Universitätsbibliothek Jena,E 006 Handbibliothek Dialektologie,links vorn,2. von oben,"einmal verfügbar, auch als E-Book (69 A 1602)",808,
101,"Flämig, Walter",1959,Zum Konjunktiv in der deutschen Sprache der Gegenwart - Inhalte und Gebrauchsweisen,Berlin,Institut für Sprachpflege und Wortforschung der FSU Jena,E 006 Handbibliothek Dialektologie,links vorn,2. von oben,"zweimal verfügbar, auch als E-Book (2002 A 3080)(8 R 773 :15)",188,
102,"Fischer, Rudolf",1962,August Schleicher zur Erinnerung,Berlin,Institut für Mundartforschung,E 006 Handbibliothek Dialektologie,links vorn,2. von oben,x,52,
103,"Fischer, Ludwig",1927,Der Stammsilben-Vokalismus der Mundart des Luzerner Gäus,Frauenfeld,FSU Jena Sektion Sprachwissenschaft Fachbereich Deutsch Mundartforschung,E 006 Handbibliothek Dialektologie,links vorn,2. von oben,x,120,
104,"Fischer, Hermann",1908,Einige Winke für Forschungen über schwäbische Mundarten,Stuttgart,FSU Jena Sektion Sprachwissenschaft Fachbereich Deutsch Mundartforschung,E 006 Handbibliothek Dialektologie,links vorn,2. von oben,x,18,
105,"Fischer, Rudolf",1954,Die slawischen Sprachdenkmäler Deutschlands,Cislo,Institut für Mundartforschung,E 006 Handbibliothek Dialektologie,links vorn,2. von oben,x,15,Jahresschrift des Instituts für sorbische Volksforschung
106,"Foerste, William",1960,Einheit und Vielfalt der niederdeutschen Mundarten,Münster,Institut für Mundartforschung,E 006 Handbibliothek Dialektologie,links vorn,2. von oben,x,16,
107,"Forsthoff, Ernst",1940,Recht und Sprache - Prolegomena zu einer richterlichen Hermeneutik,Halle (Saale),Institut für Mundartforschung,E 006 Handbibliothek Dialektologie,links vorn,2. von oben,"zweimal verfügbar (8 Hist.lit.VII,49/600 :17.1)(JUR:AA:VIIa:48::1940)",47,Schriften der Königsberger Gelehrten Gesellschaft Heft 1
108,"Foerste, William",1966,Niederdeutsches Wort - Kleine Beiträge zur niederdeutschen Mundart- und Namenkunde,Münster,FSU Jena Sektion Sprachwissenschaft Fachbereich Deutsch Mundartforschung,E 006 Handbibliothek Dialektologie,links vorn,2. von oben,x,55,Heft 6
109,"Franke, C.",,Der obersächsische Dialekt,,Landesstelle für thüringische Mundartenforschung,E 006 Handbibliothek Dialektologie,links vorn,2. von oben,x,43,
110,"Frank, Julius",1898,Die Frankenhäuser Mundart,Halle (Saale),FSU Jena Sektion Sprachwissenschaft Fachbereich Deutsch Mundartforschung,E 006 Handbibliothek Dialektologie,links vorn,2. von oben,einmal verfügbar (2005 SA 2694),65,
111,"Fleischer, Fritz",1913,Studien zur Sprachgeographie der Gascogne,Halle (Saale),Institut für Mundartforschung,E 006 Handbibliothek Dialektologie,links vorn,2. von oben,"zweimal verfügbar, auch als E-Book in verschiedenen Auflagen (ROM:HG:900:::1913)(8 Gl.V,37/2 :44)",125 + Karten,Beihefte zur Zeitschrift für romanische Philologie Heft 44
112,"Frings, Theodor",1966,Germania Romana I,Halle (Saale),Institut für Mundartforschung,E 006 Handbibliothek Dialektologie,links vorn,2. von oben,zweimal verfügbar (GER:MC:1000:::1966/1)(8 R 4224 :19.1),261 + 21 Karten,Mitteldeutsche Studien hrsg. von Frings und Grosse 19/1
113,"Frings, Theodor und Müller, Gertraud",1968,Germania Romana II,Halle (Saale),Institut für Mundartforschung,E 006 Handbibliothek Dialektologie,links vorn,2. von oben,x,678,Mitteldeutsche Studien hrsg. von Frings und Grosse 19/2
114,"von Freyberg, Bruno",1936,Thüringen - geologische Gesichte und Landschaftsbild,Erlangen,Landesstelle für thüringische Mundartenforschung,E 006 Handbibliothek Dialektologie,links vorn,3. von oben,als E-Book verfügbar,160,
115,"Frings, Theodor",1949,Antike und Christentum an der Wiege der deutschen Sprache,Berlin,Institut für Mundartforschung,E 006 Handbibliothek Dialektologie,links vorn,3. von oben,"viermal verfügbar, auch als E-Book (GER:MC:1000:::1949)(8 R 99B :97.1)(KPH:PB:::F914:1949)(8 Gl.IX,2/581)",37,
116,"Frings, Theodor",1913,Studien zur Dialektgeographie des Niederrheins zwischen Düsseldorf und Aachen,Marburg,Institut für Mundartforschung,E 006 Handbibliothek Dialektologie,links vorn,3. von oben,"einmal verfügbar (8 Gl.IX,110/80 :5)",244 + eine Karte,Deutsche Dialektgeographie Heft V Hrsg. Ferdinand Wrede
117,"Frings, Theodor",1916,Die rheinische Accentuierung - Vorstudie zu einer Grammatik der rheinischen Mundarten,Marburg,Institut für Mundartforschung,E 006 Handbibliothek Dialektologie,links vorn,3. von oben,"einmal verfügbar (8 Gl.IX,110/80 :14)",98,Deutsche Dialektgeographie Heft XIV Hrsg. Ferdinand Wrede
118,,1996,Sitzungen des Gemeinderates zu Jena,Jena,Stadtmuseum Jena,E 006 Handbibliothek Dialektologie,links vorn,3. von oben,x,48,
119,"Frings, Theodor",1950,Grundlegung einer Geschichte der deutschen Sprache (2. Aufl.),Halle (Saale),Landesstelle für thüringische Mundartenforschung,E 006 Handbibliothek Dialektologie,links vorn,3. von oben,"viermal verfügbar, auch als E-Book verfügbar, u.a. auch 2. Aufl. (GER:ME:1000:Fri::1950)(2001 A 267)",127,
120,"Frings, Theodor",1955,Zur Grundlegung einer Geschichte der deutschen Sprache - 1 Territorium und Sprache Stamm und Sprache,Halle (Saale),Institut für Mundartforschung,E 006 Handbibliothek Dialektologie,links vorn,3. von oben,einmal verfügbar (2017 NA 8657 :1),139,
121,"Frings, Theodor (Hrsg.) von Braun, Hermann",1938,Wortgeographie des historischen Egerlandes ,Halle (Saale),J85 FSU Jena Sektion Sprachwissenschaft Wissenschaftsbereich Deutsch Abt. Mundartforschung,E 006 Handbibliothek Dialektologie,links vorn,3. von oben,"einmal verfügbar (8 Gl.IX,110/135 :16)",228,Zeitschrift für Mundartforschung Beiheft 16
122,"Frings, Theodor",1910,Studien zur Dialektgeographie des Niderrheins zwischen Düsseldorf und Aachen (Teildruck),Marburg,J85 FSU Jena Sektion Sprachwissenschaft Wissenschaftsbereich Deutsch Abt. Mundartforschung,E 006 Handbibliothek Dialektologie,links vorn,3. von oben,x,67,
123,"Frings, Theodor",1936,Die Grundlagen des Meißnischen Deutsch,Halle (Saale),Landesstelle für thüringische Mundartenforschung,E 006 Handbibliothek Dialektologie,links vorn,3. von oben,"zweimal verfügbar ( GER:MJ:2000:::1936) (8 Gl.IX,224(32))",24 + Karten,
124,"Frings, Theodor",1944,Die Stellung der Niederlande im Aufbau des Germanischen,Halle (Saale),Institut für Mundartforschung,E 006 Handbibliothek Dialektologie,links vorn,3. von oben,"einmal verfügbar (8 Belg.I,4/8(32))",67,
125,"Frings, Theodor",1963,"Germania Romana und Romania Germanica zwischen Mittelmeer, Rhein und Elbe",Berlin,Institut für Mundartforschung,E 006 Handbibliothek Dialektologie,links vorn,3. von oben,"zweimal verfügbar (GER:MG:7500:::1963)(8 R 99B :108,5)",43,
126,"Frings, Theodor et al",1936,Kulturräume und Kulturströmungen im mitteldeutschen Osten (Text),Halle (Saale),Landesstelle für thüringische Mundartenforschung,E 006 Handbibliothek Dialektologie,links vorn,3. von oben,"zweimal verfügbar (VKD:AH:24045:Ebe:(1)1936)(8 Hist.un.VIII,134/33 :1)",349,
127,"Frings, Theodor et al",1936,Kulturräume und Kulturströmungen im mitteldeutschen Osten (Karten),Halle (Saale),Institut für Mundartforschung,E 006 Handbibliothek Dialektologie,links vorn,3. von oben,"zweimal verfügbar (VKD:AH:24045:Ebe:(2)::1936) (8 Hist.un.VIII,134/33 :2)",97 Karten,
128,"Fuchs, Stefan M.",1975,Die Mundart des Kantons Schwyz,Zürich,Universitätsbibliothek Jena,E 006 Handbibliothek Dialektologie,links vorn,3. von oben,x,32,
129,"Frisch, Peter",1911,Studien zur Grenze des Mosel- und Rheinfränkischen im Süden des Regierungsbezirks Trier,Bonn,J85 FSU Jena Sektion Sprachwissenschaft Wissenschaftsbereich Deutsch Abt. Mundartforschung,E 006 Handbibliothek Dialektologie,links vorn,3. von oben,als E-Book verfügbar,57,
130,Abteilung Volksbildung Schmalkalden,1955,Materialien für den Heimatkundeunterricht Bezirk Suhl Kreis Schmalkalden,Schmalkalden,Institut für Mundartforschung,E 006 Handbibliothek Dialektologie,links vorn,3. von oben,x,161,
131,"Gabka, Kurt",1967,Theorien zur Darstellung eines Wortschatzes. Mit einer Kritik der Wortfeldtheorie,Halle (Saale),Institut für Mundartforschung,E 006 Handbibliothek Dialektologie,links vorn,3. von oben,einmal verfügbar ,62,
132,"Gardiner, Alan",1932,The Theory of speech and language,Oxford,Institut für Mundartforschung,E 006 Handbibliothek Dialektologie,links vorn,3. von oben,einmal verfügbar,348,
133,"Gamillscheg, E. und Spitzer, L.",1915,"Die Bezeichnungen der ""Klette"" im Galloromanischen",Halle (Saale),Institut für Mundartforschung,E 006 Handbibliothek Dialektologie,links vorn,3. von oben,einmal verfügbar,73,
134,"Gamillscheg, Ernst",1912,Die romanischen Elemente in der deutschen Mundart von Lusern,Halle (Saale),Institut für Mundartforschung,E 006 Handbibliothek Dialektologie,links vorn,3. von oben,"einmal verfügbar, auch als E-Book",53,
135,"Gebhardt, August und Bremer, Otto",1907,Grammatik der Nürnberger Mundart,Leipzig,Landesstelle für thüringische Mundartenforschung,E 006 Handbibliothek Dialektologie,links vorn,3. von oben,zweimal verfügbar,392,Sammlung kurzer Grammatiken deutscher Mundarten Hrsg. Otto Bremer Band VII
136,"Gernentz, Hans Joachim",1980,"Niederdeutsch - gestern und heute, Beiträge zur Sprachsituation in den Nordbezirken der Deutschen Demokratischen Republik in Geschichte und Gegenwart",Rostock,J53 Universitätsbibliothek Jena Zweigstelle Literatur- und Kunstwissenschaft,E 006 Handbibliothek Dialektologie,links vorn,3. von oben,einmal verfügbar,331,
137,"Gernentz, Hans Joachim",1964,"Niederdeutsch - gestern und heute, Beiträge zur Sprachsituation in den nördlichen Bezirken der Deutschen Demokratischen Republik in Geschihcte und Gegenwart",Berlin,Institut für Mundartforschung,E 006 Handbibliothek Dialektologie,links vorn,3. von oben,als E-Book verfügbar,202,
138,"Gipper, Helmut",1963,Bausteine zur Sprachinhaltsforschung,Düsseldorf,Arbeitsstelle Thüringisches Wörterbuch,E 006 Handbibliothek Dialektologie,links vorn,3. von oben,zweimal verfügbar,544,Sprache und Gemeinschaft Studienband 1
139,Buch auf Russisch,1962,Vergleichende Grammatik germanischer Sprachen ,Moskau,Institut für Mundartforschung,E 006 Handbibliothek Dialektologie,links vorn,3. von oben,einmal verfügbar,204,
140,"Ghosh, Samir K. ",1972,"Man, Language and Society",Paris,J85 FSU Jena Sektion Sprachwissenschaft Wissenschaftsbereich Deutsch Abt. Mundartforschung,E 006 Handbibliothek Dialektologie,links vorn,3. von oben,"einmal verfügbar, auch als E-Book",264,
141,"Giernoth, Josef",1917,Die Sprache des Kuhländchens nach der Mundart von Kunewald,Breslau,J85 FSU Jena Sektion Sprachwissenschaft Wissenschaftsbereich Deutsch Abt. Mundartforschung,E 006 Handbibliothek Dialektologie,links vorn,3. von oben,x,28,
142,"Glattauer, Walter",1978,Strukturelle Lautgeographie der Mundarten im süd-östlichen Niederösterreich,Wien,FSU Jena Sektion Sprachwissenschaft Wissenschaftsbereich Deutsch Abt. Mundartforschung,E 006 Handbibliothek Dialektologie,links vorn,3. von oben,x,221 + Karten,Schriften zur deutschen Sprache in Österreich Band 1
143,"Gleissner, Käthe",1935,"Urkunde und Mundart auf Grund der Urkundensprache der Vögte von Weida, Gera und Plauen",Halle (Saale),Landesstelle für thüringische Mundartenforschung,E 006 Handbibliothek Dialektologie,links vorn,3. von oben,einmal verfügbar,111,Mitteldeutsche Studien Hrsg. Theodor Frings
144,"Glöckner, Karl",1913,Die Mundarten der Rhön,Fulda,Institut für Mundartforschung,E 006 Handbibliothek Dialektologie,links vorn,3. von oben,einmal verfügbar,119,
145,"Göhring, Ludwig",1937,Volkstümliche Redensarten und Ausdrücke,München,Landesstelle für thüringische Mundartenforschung,E 006 Handbibliothek Dialektologie,links vorn,3. von oben,einmal verfügbar ,309,
146,"Goossens, Jan",1969,Strukturelle Sprachgeographie - Eine Einführung in Methodik und Ergebnisse,Heidelberg,FSU Jena Sektion Sprachwissenschaft Fachbereich Deutsch Mundartforschung,E 006 Handbibliothek Dialektologie,links vorn,3. von oben,einmal verfügbar,148,
147,"Guchmann, M. M.",1969,Der Weg zur deutschen Nationalsprache Teil 2,Berlin,Sektion Sprachwissenschaft Fachbereich Deutsch Mundartforschung,E 006 Handbibliothek Dialektologie,links vorn,3. von oben,dreimal verfügbar,212,
148,"Guchmann, M. M.",1964,Der Weg zur deutschen Nationalsprache Teil 1,Berlin,Institut für Mundartforschung,E 006 Handbibliothek Dialektologie,links vorn,3. von oben,zweimal verfügbar,156,
149,"Gutenbrunner, Siegfried",1951,Historische Laut- und Formenlehre des Altisländischen,Heidelberg,Institut für Mundartforschung,E 006 Handbibliothek Dialektologie,links vorn,3. von oben,einmal verfügbar,172,
150,"Günther, L.",1905,Das Rotwelsch des deutschen Gauners,Straßburg,J85 FSU Jena Sektion Sprachwissenschaft Wissenschaftsbereich Deutsch Abt. Mundartforschung,E 006 Handbibliothek Dialektologie,links vorn,3. von oben,als E-Book,101,
151,"Günther, L.",1919,Das Rotwelsch des deutschen Gauners,Leipzig,Landesstelle für thüringische Mundartenforschung,E 006 Handbibliothek Dialektologie,links vorn,3. von oben,einmal verfügbar,238,
152,"Sütterlin, Ludwig",1918,Die deutsche Sprache der Gegenwart,Leipzig,Institut für Mundartforschung,E 006 Handbibliothek Dialektologie,links vorn,3. von oben,in verschiedenen Auflagen verfügbar ,451,
153,"Hachmann, Rolf et al",1962,Völker zwischen Germanen und Kelten,Neumünster,Institut für Mundartforschung,E 006 Handbibliothek Dialektologie,links vorn,3. von oben,einmal verfügbar,"144 + 11 Tafeln,16 Karten",
154,"Hain, Mathilde",1951,Sprichwort und Volkssprache - Eine volkskundlich-soziologische Dorfuntersuchung,Gießen,Institut für Mundartforschung,E 006 Handbibliothek Dialektologie,links vorn,3. von oben,einmal verfügbar,131,
155,"Hager, Frithjof",1977,Die Sache der Sprache,Stuttgart,Universitätsbibliothek Jena,E 006 Handbibliothek Dialektologie,links vorn,3. von oben,x,246,
156,"Haltenhoff, Julius",1904,Zur Geschichte des nhd. Adjektivsuffixes -icht und seiner Verwandten,Guben,Institut für Mundartforschung,E 006 Handbibliothek Dialektologie,links vorn,3. von oben,x,89,
157,"Hanenberg, Albert",1914,Studien zur niederrheinischen Dialektgeographie zwischen Nymegen und Ürdingen,Marburg,J85 FSU Jena Sektion Sprachwissenschaft Wissenschaftsbereich Deutsch Abt. Mundartforschung,E 006 Handbibliothek Dialektologie,links vorn,3. von oben,in einer Zeitschrift verfügbar,100,
158,"Hanke, Lothar",1913,Die Wortstellung im Schlesischen,Breslau,FSU Jena Sektion Sprachwissenschaft Wissenschaftsbereich Deutsch Abt. Mundartforschung,E 006 Handbibliothek Dialektologie,links vorn,3. von oben,zweimal verfügbar  ,112,
159,"Hathaway, Luise",1979,Der Mundartwandel in Imst in Tirol zwischen 1897 und 1973,Wien,FSU Jena Sektion Sprachwissenschaft Wissenschaftsbereich Deutsch Abt. Mundartforschung,E 006 Handbibliothek Dialektologie,links vorn,3. von oben,x,165,Schriften zur deutschen Sprache in Österreich Band 3
160,"Hauffen, Adolf",1895,"Die deutsche Sprachinsel Gottschee. Geschichte und Mundart, Lebensverhältnisse, Sitten und Gebräuche, Sagen, Märchen und Lieder",Graz,Institut für Mundartforschung,E 006 Handbibliothek Dialektologie,links vorn,4. von oben,einmal verfügbar ,465,"Quellen und Forschungen zur Geschichte, Literatur und Sprache Österreichs und seiner Kronländer"
161,"Havers, Wilhelm",1931,Handbuch der erklärenden Syntax. Ein Versuch zur Erforschung der Bedingungen und Triebkräfte in Syntax und Stilistik,Heidelberg,Institut für Mundartforschung,E 006 Handbibliothek Dialektologie,links vorn,4. von oben,einmal verfügbar,292,Indogermanische Bibliothek Hrsg. Hirt und Streitberg
162,"Heffels, Karl",1935,Zur Wortgeographie der Haustier-Namen zwischen Benrather und Ürdinger Linie,Düsseldorf,J85 FSU Jena Sektion Sprachwissenschaft Wissenschaftsbereich Deutsch Abt. Mundartforschung,E 006 Handbibliothek Dialektologie,links vorn,4. von oben,einmal verfügbar,75,
163,"Heissel, Sebastian",1935,Die Mundart von Friedingen und Umgebung nach Lauten und Flexion,Jena,J85 FSU Jena Sektion Sprachwissenschaft Wissenschaftsbereich Deutsch Abt. Mundartforschung,E 006 Handbibliothek Dialektologie,links vorn,4. von oben,x,44,
164,"Hentrich, Konrad",1905,Die Vokale der Mundart von Leinefelde,Greifswald,Institut für Mundartforschung,E 006 Handbibliothek Dialektologie,links vorn,4. von oben,x,unvollständig,
165,,1921,Internationales Zentralblatt für experimentelle Phonetik Vox,Berlin,Institut für Mundartforschung,E 006 Handbibliothek Dialektologie,links vorn,4. von oben,einmal verfügbar,S.160-175,
166,"Heilig, Otto",1898,Grammatik der ostfränkischen Mundart des Taubergrundes und der Nachbarmundarten,Leipzig,Landesstelle für thüringische Mundartenforschung,E 006 Handbibliothek Dialektologie,links vorn,4. von oben,zweimal verfügbar,239+Karten,Sammlung kurzer Grammatiken deutscher Mundarten Hrsg. Otto Bremer Band V
167,"Heinrichs, Werner",1978,Bergisch Platt. Versuch einer Bestandsaufnahme,Burscheid,Arbeitsstelle Thüringisches Wörterbuch,E 006 Handbibliothek Dialektologie,links vorn,4. von oben,x,162+Karte,
168,"Henzen, Walter",1954,Schriftsprache und Mundarten. Ein Überblick über ihr Verhältnis und ihre Zwischenstufen im Deutschen,Bern,J85 FSU Jena Sektion Sprachwissenschaft Wissenschaftsbereich Deutsch Abt. Mundartforschung,E 006 Handbibliothek Dialektologie,links vorn,4. von oben,zweimal verfügbar,303,
169,"Hermann, Eduard",1930,Das Futurum mit werden im Neu hochdeutschen,Berlin,Landesstelle für thüringische Mundartenforschung,E 006 Handbibliothek Dialektologie,links vorn,4. von oben,x,,"2x vorhanden, Original und Nachdruck"
170,"Hertel, L",1892,Über den Wert mundartlicher Untersuchungen,Greiz,J85 FSU Jena Sektion Sprachwissenschaft Wissenschaftsbereich Deutsch Abt. Mundartforschung,E 006 Handbibliothek Dialektologie,links vorn,4. von oben,x,11,"2x vorhanden, Original und Nachdruck"
171,"Heymann, W.",1909,Das bremische Plattdeutsch,Bremen,Institut für Mundartforschung,E 006 Handbibliothek Dialektologie,links vorn,4. von oben,x,176,
172,"Hille, Hermann",1939,Die Mundart des nördlichen Harzvorlandes insbesondere des Huygebietes - mit 2 Karten,Wernigerode,Institut für Mundartforschung,E 006 Handbibliothek Dialektologie,links vorn,4. von oben,einmal verfügbar,127,Forschungen zur Geschichte des Harzgebietes Band VII
173,"Hinderling, Robert und Weibel, Victor",1978,FIMFCHUSTIM - Festschrift für Stefan Sonderegger zum 50. Geburtstag,Bayreuth,J85 FSU Jena Sektion Sprachwissenschaft Wissenschaftsbereich Deutsch Abt. Mundartforschung,E 006 Handbibliothek Dialektologie,links vorn,4. von oben,einmal verfügbar,256,2x vorhanden; Bayreuther Beiträge zur Sprachwissenschaft 1
174,"Rowley, Anthony und Eroms, Hans-Werner",1980,Sprachliche Orientierung I. Untersuchungen zur Morphologie und Semantik der Richtungsadverbien in oberdeutschen Mundarten,Bayreuth,J85 FSU Jena Sektion Sprachwissenschaft Wissenschaftsbereich Deutsch Abt. Mundartforschung,E 006 Handbibliothek Dialektologie,links vorn,4. von oben,x,296,Bayreuther Beiträge zur Sprachwissenschaft - Dialektologie 1
175,"Hiersche, Rolf et al",1956,Aus der Arbeit an einem historischen Wörterbuch der sprachwissenschaftlichen Terminologie,Berlin,Institut für Mundartforschung,E 006 Handbibliothek Dialektologie,links vorn,4. von oben,"einmal verfügbar, auch als E-Book",110,Sitzungsberichte der deutschen Akademie der Wissenschaften zu Berlin Jahrgang 1955 Nr. 3
176,"Hirsch, Anton",1971,Mundarten im Spessart,Aschaffenburg,Arbeitsstelle Thüringisches Wörterbuch,E 006 Handbibliothek Dialektologie,links vorn,4. von oben,x,196,
177,"Hoffmann, Lothar",1976,Kommunikationsmittel Fachsprache. Eine Einführung,Berlin,FSU Jena Sektion Sprachwissenschaft Wissenschaftsbereich Deutsch Abt. Mundartforschung,E 006 Handbibliothek Dialektologie,links vorn,4. von oben,"in verschiedenen Auflagen verfügbar, auch als E-Book",498,
178,"Hoffmann, L. und Piotrowski, R.G.",1979,Beiträge zur Sprachstatistik,Leipzig,J85 FSU Jena Sektion Sprachwissenschaft Wissenschaftsbereich Deutsch Abt. Mundartforschung,E 006 Handbibliothek Dialektologie,links vorn,4. von oben,einmal verfügbar,214,
179,"Hoffmann-Krayer, Eduard",1907,Ferndissimilation von R und L im Deutschen. Ein Beitrag zu den Prinzipien des Lautwandels,Basel,Institut für Mundartforschung,E 006 Handbibliothek Dialektologie,links vorn,4. von oben,x,,
180,"Hoffmann, Lothar",1975,Fachsprachen und Sprachstatistik,Berlin,FSU Jena Sektion Sprachwissenschaft Wissenschaftsbereich Deutsch Abt. Mundartforschung,E 006 Handbibliothek Dialektologie,links vorn,4. von oben,"einmal verfügbar, auch als E-Book",324,
181,"Hofmann, Karl",1940,Mundartgliederung Niederhessens südlich von Kassel,Marburg,Institut für Mundartforschung,E 006 Handbibliothek Dialektologie,links vorn,4. von oben,einmal verfügbar,71+Karten,Deutsche Dialektgeographie. Berichte und Studien über G. Wenkers Sprachatlas des Deutschen Reichs begründet von Ferdinand Wrede Hrsg. Walther Mitzka Heft XXXIX
182,"Holsten, Robert",1928,Sprachgrenzen im pommerschen Plattdeutsch,Leipzig,Institut für Mundartforschung,E 006 Handbibliothek Dialektologie,links vorn,4. von oben,"einmal verfügbar, auch als E-Book",73+Karte,Form und Geist. Arbeiten zur germanischen Philologie Heft 8
183,"Hommer, Emil/ Kroh, Wilhelm",1915,Studien zur Dialektgeographie des Westerwaldes/ Beiträge zur Nassauischen Dialektgeographie,Marburg,Institut für Mundartforschung,E 006 Handbibliothek Dialektologie,links vorn,4. von oben,in einer Zeitschrift verfügbar,381+Karten,Deutsche Dialektgeographie Hrsg. Wrede Heft IV
184,"Hornung, Maria und Roitinger, Franz",1950,Unsere Mundarten. Eine dialektkundliche Wanderung durch Österreich,Wien,FSU Jena Sektion Sprachwissenschaft Wissenschaftsbereich Deutsch Abt. Mundartforschung,E 006 Handbibliothek Dialektologie,links vorn,4. von oben,x,132,
185,"Hossfeld, Fr.",1905,Geschichte des Dorfes Achelstädt,Kranichfeld,Institut für Mundartforschung,E 006 Handbibliothek Dialektologie,links vorn,4. von oben,x,175,
186,"Hotzenköcherle, Rudolf",1934,Die Mundart von Mutten. Laut- und Flexionslehre,Frauenfeld,J85 FSU Jena Sektion Sprachwissenschaft Wissenschaftsbereich Deutsch Abt. Mundartforschung,E 006 Handbibliothek Dialektologie,links vorn,4. von oben,einmal verfügbar,274,Beiträge zur Schweizerdeutschen Grammatik Hrsg. Bachmann XIX.
187,"Hrachovec, Herbert",1975,"Sonographische Untersuchungen zur Mundart des mittleren Pulkautales, N.Ö.",Wien,FSU Jena Sektion Sprachwissenschaft Wissenschaftsbereich Deutsch Abt. Mundartforschung,E 006 Handbibliothek Dialektologie,links vorn,4. von oben,x,250+Anhang,Dissertationen der Universität Wien 124
188,"Hutterer, Claus Jürgen et al",1987,Weststeirisches Wörterbuch. Grammatik und Wortschatz nach Sachgruppen,"Wien, Köln, Graz",J85 FSU Jena Sektion Sprachwissenschaft Wissenschaftsbereich Deutsch Abt. Mundartforschung,E 006 Handbibliothek Dialektologie,links vorn,4. von oben,x,643,Schriften zur deutschen Sprache in Österreich Band 13/14
189,"Hucke, Herman",1965,Thüringischer Dialektatlas,Berlin,FSU Jena Sektion Sprachwissenschaft Wissenschaftsbereich Deutsch Abt. Mundartforschung,E 006 Handbibliothek Dialektologie,links vorn,4. von oben,viermal vorhanden,204,Deutsche Akademie der Wissenschaften zu Berlin Veröffentlichungen des Instituts für deutsche Sprache und Literatur 27
190,"Hübner, Arhur",1925,Die Mundart der Heimat,Breslau,Landesstelle für thüringische Mundartenforschung,E 006 Handbibliothek Dialektologie,links vorn,4. von oben,einmal verfügbar,82,Der Heimatforscher Hrsg. Schoenichen 1. Band
191,"Imme, Theodor",1918,Die deutsche Soldatensprache der Gegenwart und ihr Humor,Dortmund,J85 FSU Jena Sektion Sprachwissenschaft Wissenschaftsbereich Deutsch Abt. Mundartforschung,E 006 Handbibliothek Dialektologie,links vorn,4. von oben,x,172,
192,"Insam, Matthias",1936,Der Lautstand des Burggrafenamtes von Meran,Leipzig,FSU Jena Sektion Sprachwissenschaft Wissenschaftsbereich Deutsch Abt. Mundartforschung,E 006 Handbibliothek Dialektologie,links vorn,4. von oben,einmal verfügbar,101,
193,"Irion, Bronislaus",1938,Die Mundart der deutschen Sprachinsel Illischestie und Umgebung,Dragojestie (Rumänien),J85 FSU Jena Sektion Sprachwissenschaft Wissenschaftsbereich Deutsch Abt. Mundartforschung,E 006 Handbibliothek Dialektologie,links vorn,4. von oben,x,90+Karten,
194,"Gierach, Erich",1944,Jahrbuch der deutschen Sprache,Leipzig,FSU Jena Sektion Sprachwissenschaft Wissenschaftsbereich Deutsch Abt. Mundartforschung,E 006 Handbibliothek Dialektologie,links vorn,4. von oben,verfügbar,238,
195,Staatliches Pädagogisches Institut Omsk (auf Russisch),1971,Fragen der Dialektologie und Linguistik,Omsk,FSU Jena Sektion Sprachwissenschaft Wissenschaftsbereich Deutsch Abt. Mundartforschung,E 006 Handbibliothek Dialektologie,links vorn,4. von oben,x,97,
196,Staatliches Pädagogisches Institut Omsk (auf Russisch),1979,Fragen der Dialektologie und Linguistik der deutschen Sprache,Omsk,J85 FSU Jena Sektion Sprachwissenschaft Wissenschaftsbereich Deutsch Abt. Mundartforschung,E 006 Handbibliothek Dialektologie,links vorn,4. von oben,x,155,
197,"Jungandreas, Wolfgang",1987,Zur Geschichte der schlesischen Mundart im Mittelalter,Stuttgart,J85 FSU Jena Sektion Sprachwissenschaft Wissenschaftsbereich Deutsch Abt. Mundartforschung,E 006 Handbibliothek Dialektologie,links vorn,4. von oben,x,586+Karten,
198,"Jungandreas, Wolfgang",1931,Texte zur Geschichte der schlesischen Mundarten,Breslau,FSU Jena Sektion Sprachwissenschaft Wissenschaftsbereich Deutsch Abt. Mundartforschung,E 006 Handbibliothek Dialektologie,links vorn,4. von oben,x,42,
199,"Jungandreas, Wolfgang",1947,Geschichte der deutschen und der englischen Sprache II,Göttingen,Institut für Mundartforschung,E 006 Handbibliothek Dialektologie,links vorn,4. von oben,x,130,
200,"Jutz, Leo",1925,Die Mundart von Südvorarlberg und Liechtenstein,Heidelberg,Institut für Mundartforschung,E 006 Handbibliothek Dialektologie,links vorn,4. von oben,einmal verfügbar,355,"Germanische Bibliothek Hrsg. Streitberg, I. Sammlung germanischer Elementar- und Handbücher, I. Reihe: Grammatiken, 15. Band"
201,"Jutz, Leo",1931,Die alemannischen Mundarten (Abriss der Lautverhältnisse),Halle (Saale),Landesstelle für thüringische Mundartenforschung,E 006 Handbibliothek Dialektologie,links vorn,4. von oben,einmal verfügbar,289+Karten,
202,"Kaiser, Albert",1910,Lautlehre der Mundart von Todtmoos-Schwarzenbach,Bonn,Institut für Mundartforschung,E 006 Handbibliothek Dialektologie,links vorn,5. von oben,"einmal verfügbar, auch als E-Book",46,
203,"Kaiser, Kare",1930,Mundart und Schriftsprache. Versuch einer Wesensbestimmung in der Zeit zwischen Leibniz und Gottsched,Leipzig,Institut für Mundartforschung,E 006 Handbibliothek Dialektologie,links vorn,5. von oben,einmal verfügbar,379,"Form und Geist. Arbeiten zur germanischen Philologie unter Mitwirkung von L. Magon, B. Markwardt und W. Stammler Hrsg. Lutz Mackensen Band 18"
204,"Kaiser, Heribert",1924,Die Mundart von Hof a. Saale. Vokalismus und Konsonantismus der Haupttonsilben und der wichtigsten nichthaupttonigen Silben,Hof a. d. Saale,Institut für Mundartforschung,E 006 Handbibliothek Dialektologie,links vorn,5. von oben,x,58,
205,"Kamp, Klaus und Lindow, Wolfgang",1967,Das Plattdeutsche in Schleswig-Holstein. Eine Erhebung des Statistischen Landesamtes Schleswig-Holstein,Neumünster,FSU Jena Sektion Sprachwissenschaft Wissenschaftsbereich Deutsch Abt. Mundartforschung,E 006 Handbibliothek Dialektologie,links vorn,5. von oben,einmal verfügbar,81,
206,"Karch, Dieter",1975,Zur Morphologie der vorderpfälzischen Dialekte,Tübingen,FSU Jena Sektion Sprachwissenschaft Wissenschaftsbereich Deutsch Abt. Mundartforschung,E 006 Handbibliothek Dialektologie,links vorn,5. von oben,einmal verfügbar,83+Karten,Phonai. Lautbibliothek der europäischen Sprachen und Mundarten. Deutsche Reihe Beiheft 3
207,"Karch, Dieter",1990,Zur Morphologie des Pfälzischen,Tübingen,Arbeitsstelle Thüringisches Wörterbuch,E 006 Handbibliothek Dialektologie,links vorn,5. von oben,x,105,Phonai. Lautbibliothek der deutschen Sprache Beiheft 6
208,"Karch, Dieter",1979,Proben Rheinhessischer und Vorderpfälzischer Ortsmundarten,Nebraska,J85 FSU Jena Sektion Sprachwissenschaft Wissenschaftsbereich Deutsch Abt. Mundartforschung,E 006 Handbibliothek Dialektologie,links vorn,5. von oben,x,132,University of Nebraska Studies No. 62
209,"Karch, Dieter",1978,Neuberg am Rhein,Nebraska,FSU Jena Sektion Sprachwissenschaft Wissenschaftsbereich Deutsch Abt. Mundartforschung,E 006 Handbibliothek Dialektologie,links vorn,5. von oben,x,215,University of Nebraska Studies No. 59
210,"Karch, Dieter",1975,Monographien 8,Tübingen,FSU Jena Sektion Sprachwissenschaft Wissenschaftsbereich Deutsch Abt. Mundartforschung,E 006 Handbibliothek Dialektologie,links vorn,5. von oben,als E-Book,343,Phonai. Lautbibliothek der europäischen Sprachen und Mundarten. Deutsche Reihe Band 16
211,"Karg-Gasterstädt, Elisabeth",1958,Althochdeutsch Thing- Neuhochdeutsch Ding. Die Geschichte eines Wortes,Berlin,Institut für Mundartforschung,E 006 Handbibliothek Dialektologie,links vorn,5. von oben,"einmal verfügbar, auch als E-Book",31,Berichte über die Verhandlungen der sächsischen Akademie der Wissenschaften zu Leipzig Band 104 Heft 2
212,"Karg, Fritz",1933,Flämische Sprachspuren in der Halle-Leipziger Bucht,Halle (Saale),Institut für Mundartforschung,E 006 Handbibliothek Dialektologie,links vorn,5. von oben,einmal verfügbar,53,Teuthonista. Zeitschrift für deutsche Dialektforschung und Sprachgeschichte Beiheft 8
213,"Ketterer, Kurt",1942,Experimentelle Dialektgeographie des Alemannischen in Baden,Berlin,FSU Jena Sektion Sprachwissenschaft Wissenschaftsbereich Deutsch Abt. Mundartforschung,E 006 Handbibliothek Dialektologie,links vorn,5. von oben,"einmal verfügbar, auch als E-Book",86,Lebendige Sprache. Experimentalphonetische Untersuchungen Hrsg. Horn und Ketterer Heft 13
214,"Klein, Karl Kurt et al",1959,Siebenbürgische Mundarten,Berlin,Institut für Mundartforschung,E 006 Handbibliothek Dialektologie,links vorn,5. von oben,"einmal verfügbar, auch als E-Book",143,Berichte über die Verhandlungen der sächsischen Akademie der Wissenschaften zu Leipzig Band 104 Heft 3
215,"Kletschke,Hans",1933,Die Sprache der Mainzer Kanzlei nach den Namen der Fuldaer Urkunden,Halle (Saale),Landesstelle für thüringische Mundartenforschung,E 006 Handbibliothek Dialektologie,links vorn,5. von oben,einmal verfügbar,128,Hermaea. Ausgewählte Arbeiten aus dem deutschen Seminar zu Halle Hrsg. Baesecke und Schneider Heft XXIX
216,"Kleiber, Wolfgang",1980,Zur sprachgeographischen Struktur der deutschen Winzerterminologie,Wiesbaden,J85 FSU Jena Sektion Sprachwissenschaft Wissenschaftsbereich Deutsch Abt. Mundartforschung,E 006 Handbibliothek Dialektologie,links vorn,5. von oben,x,40,Akademie der Wissenschaften und der Literatur. Abhandlungen der Geister- und Sozialwissenschaftlischen Klasse Jg. 1980 Nr. 6
217,"Keller, Johann Heinrich",1819,Beiträge zu einem Idiotikon desThüringer Waldgebirges,Jena,FSU Jena Sektion Sprachwissenschaft Wissenschaftsbereich Deutsch Abt. Mundartforschung,E 006 Handbibliothek Dialektologie,links vorn,5. von oben,einmal verfügbar ,54,
218,"Kirchhoff, Alfred",1884,Der Name des Thüringerwaldes im Altertum und im Mittelalter,Jena,Institut für Mundartforschung,E 006 Handbibliothek Dialektologie,links vorn,5. von oben,einmal verfügbar ,48,Beiträge zur Landes- und Volkskunde des Thüringerwaldes Erstes Heft Hrsg. Regel
219,"Kehrein, Joseph",1863,Sammlung alt- und mittelhochdeutscher Wörter aus lateinischen Urkunden,Nordhausen,FSU Jena Sektion Sprachwissenschaft Wissenschaftsbereich Deutsch Abt. Mundartforschung,E 006 Handbibliothek Dialektologie,links vorn,5. von oben,einmal verfügbar ,71,
220,"Kirch, Max S.",1952,Der Einfluß des Niederdeutschen auf die Hochdeutsche Schriftsprache,Gießen,Institut für Mundartforschung,E 006 Handbibliothek Dialektologie,links vorn,5. von oben,x,78,Gießener Beiträge zur deutschen Philologie Hrsg. Mitzka 99
221,"Kieser, Otto",1938,Wortgrenzen in der Dübener Heide,Halle (Saale),Landesstelle für thüringische Mundartenforschung,E 006 Handbibliothek Dialektologie,links vorn,5. von oben,einmal verfügbar,77+Karten,
222,"Kieser, Otto",1979,Der hallische Mundartdichter Reinhold Hoyer und seine Werke,Darmstadt,J85 FSU Jena Sektion Sprachwissenschaft Wissenschaftsbereich Deutsch Abt. Mundartforschung,E 006 Handbibliothek Dialektologie,links vorn,5. von oben,x,95,
223,Kilian,1876,"Über die Orthographie der deutschen Sprache. Apologie des Buchstaben ""h""",Straßburg,J85 FSU Jena Sektion Sprachwissenschaft Wissenschaftsbereich Deutsch Abt. Mundartforschung,E 006 Handbibliothek Dialektologie,links vorn,5. von oben,als E-Book,11,
224,"Kieser, Otto",1972,Diatopik eines Wortschatzes nach Sachgruppen. Dialektuntersuchung des Kreises Liebenwerda,Gießen,Arbeitsstelle Thüringisches Wörterbuch,E 006 Handbibliothek Dialektologie,links vorn,5. von oben,x,36+Karten,"Deutsche Wortforschung in europäischen Bezügen. Untersuchungen zum Deutschen Wortatlas Hrsg. Schmitt Band 6, 2"
225,"Kieser, Otto",1967,Die kursächsische Kanzleisprache zwischen 1486 und 1546,Berlin,Institut für Mundartforschung,E 006 Handbibliothek Dialektologie,links vorn,5. von oben,zweimal verfügbar,309,
226,"Kleiber, Wolfgang",1980,Zur sprachgeographischen Struktur der deutschen Winzerterminologie,Wiesbaden,J85 FSU Jena Sektion Sprachwissenschaft Wissenschaftsbereich Deutsch Abt. Mundartforschung,E 006 Handbibliothek Dialektologie,links vorn,5. von oben,x,39,Abhandlungen der Geistes- und Sozialwissenschaftlichen Klasse Jg. 1980 Nr. 6
227,"von Kienle, Richard",1960,Historische Laut- und Formenlehre des Deutschen,Tübingen,Institut für Mundartforschung,E 006 Handbibliothek Dialektologie,links vorn,5. von oben,"zweimal verfügbar, auch als E-Book",326,Sammlung kurzer Grammatiken Germanischer Dialekte Hrsg. de Boor Hauptreihe Nr. 11
228,"Klenz, Heinrich",1910,"Schelten-Wörterbuch. Die Berufs, besonders Sandwerterschelten und Verwandtes",Straßburg,Institut für Mundartforschung,E 006 Handbibliothek Dialektologie,links vorn,5. von oben,x,159,
229,"Kluge, Friedrich",1895,Deutsche Studentensprache,Straßburg,Institut für Mundartforschung,E 006 Handbibliothek Dialektologie,links vorn,5. von oben,viermal vorhanden,136+Anhang,
230,"Kluge, Friedrich",1918,Von Luther bis Lessing. Sprachgeschichtliche Aufsätze,Leipzig,Institut für Mundartforschung,E 006 Handbibliothek Dialektologie,links vorn,5. von oben,in verschiedenen Auflagen verfügbar,315,
231,"Kluge, Friedrich",1925,Abriss der deutschen Wortbildungslehre,Halle (Saale),Institut für Mundartforschung,E 006 Handbibliothek Dialektologie,links vorn,5. von oben,zweimal vorhanden,71,
232,"Kluge, Friedrich",1926,Nominale Stammbildungslehre der altgermanischen Dialekte,Halle (Saale),Institut für Mundartforschung,E 006 Handbibliothek Dialektologie,links vorn,5. von oben,einmal verfügbar,155,
233,"Knetschke, Edeltraud",1956,Genick und Knöchel in deutscher Wortgeographie. Untersuchungen zur Wortbildung,Gießen,Thüringisches Wörterbuch Arbeitsstelle der FSU Jena und der Sächsischen Akademie der Wissenschaften zu Leipzig,E 006 Handbibliothek Dialektologie,links vorn,5. von oben,einmal verfügbar,73+Karten,
234,"Koekkoek, Byron J.",1955,Zur Phonologie der Wiener Mundart,Gießen,Institut für Mundartforschung,E 006 Handbibliothek Dialektologie,links vorn,5. von oben,einmal verfügbar,80,Beiträge zur deutschen Philologie Hrsg. Mitzka Band 6
235,"Köhler, Otto",1931,Die Flexion in der Mundart von Aschenroth,x,FSU Jena Sektion Sprachwissenschaft Wissenschaftsbereich Deutsch Abt. Mundartforschung,E 006 Handbibliothek Dialektologie,links vorn,5. von oben,x,58,
236,"Koblitz, Josef",1968,Schlagwortgebung in der Information und Dokumentation,Leipzig,Institut für Mundartforschung,E 006 Handbibliothek Dialektologie,links vorn,5. von oben,in verschiedenen Auflagen verfügbar,129,
237,"Kober, Julius",1935,Schriften des Hennebergischen Geschichtsvereins,Schleusingen,Sächsische Akademie der Wissenschaften zu Leipzig,E 006 Handbibliothek Dialektologie,links vorn,5. von oben,verfügbar,100,
238,"Koch, Ernst",1913,Das Lehenbuch des Abtes Georgius Thun zu Saalfeld 1497-1526,Jena,Institut für Mundartforschung,E 006 Handbibliothek Dialektologie,links vorn,5. von oben,"einmal verfügbar, auch als E-Book",335,Zeitschrift des Vereins für Thüringische Geschichte und Altertumskunde Hrsg. Dobenecker 5. Supplementheft
239,"Kolditz, Franz",1944,Licht ist das Leben. Ausgewählte Gedichte von Franz Kolditz,x,Institut für Mundartforschung,E 006 Handbibliothek Dialektologie,links vorn,5. von oben,x,77,
240,"Koß, Gerhard",1967,Mundartmischung und Mundartausgleich am westlichen Obermain,Coburg,DAW Institut für deutsche Sprache und Literatur Institutsbibilothek,E 006 Handbibliothek Dialektologie,links vorn,5. von oben,einmal verfügbar,352,Coburger Heimatkunde und Heimatgeschichte II. Teil Heft 21
241,"Koß, Gerhard",1967,Mundartmischung und Mundartausgleich am westlichen Obermain,Coburg,FSU Jena Sektion Sprachwissenschaft Wissenschaftsbereich Deutsch Abt. Mundartforschung,E 006 Handbibliothek Dialektologie,links vorn,5. von oben,einmal verfügbar,352,Coburger Heimatkunde und Heimatgeschichte II. Teil Heft 21
242,"Kottler, Peter",1977,Die Grundformen des Verbs in den Banater Mundarten Rhein- und Moselfränkischer Prägung,Rumänien,FSU Jena Sektion Sprachwissenschaft Wissenschaftsbereich Deutsch Abt. Mundartforschung,E 006 Handbibliothek Dialektologie,links vorn,5. von oben,x,47+Karten,
243,"Krafft, Matthias",1969,Studien zu einem Wörterbuch der Schlitzerländer Mundart nach Sachgruppen,Gießen,FSU Jena Sektion Sprachwissenschaft Wissenschaftsbereich Deutsch Abt. Mundartforschung,E 006 Handbibliothek Dialektologie,links vorn,5. von oben,x,243,
244,"Krahe, Hans",1948,Germanische Sprachwissenschaft 1. Einleitung und Lautlehre,Berlin,Institut für Mundartforschung,E 006 Handbibliothek Dialektologie,links vorn,5. von oben,"in verschiedenen Auflagen verfügbar, auch als E-Book",127,Sammlung Göschen Band 238
245,"Krahe, Hans",1948,Germanische Sprachwissenschaft II. Formenlehre,Berlin,Institut für Mundartforschung,E 006 Handbibliothek Dialektologie,links vorn,5. von oben,"in verschiedenen Auflagen verfügbar, auch als E-Book",140,Sammlung Göschen Band 780
246,"Kronasser, Heinz",1952,"Handbuch der Semasiologie. Kurze Einführung in die Geschichte, Problematik und Terminologie der Bedeutungslehre",Heidelberg,Institut für Mundartforschung,E 006 Handbibliothek Dialektologie,links vorn,5. von oben,einmal verfügbar,204,
247,"Kranzmeyer, Eberhard",1956,Historische Lautgeographie des gesamtbairischen Dialektraumes - mit 27 Laut- und 4 Hilfskarten in besonderer Mappe,Wien,Institut für Mundartforschung,E 006 Handbibliothek Dialektologie,links vorn,5. von oben,dreimal verfügbar,143,Mappe separat
248,"Kranzmeyer, Eberhard",1960,Die Bairischen Kennwörter und ihre Geschichte mit 5 Skizzen,Wien,J85 FSU Jena Sektion Sprachwissenschaft Wissenschaftsbereich Deutsch Abt. Mundartforschung,E 006 Handbibliothek Dialektologie,links vorn,5. von oben,einmal verfügbar,48,
249,"Kramarczik, Joseph",1864,Programm des königlich katholischen Gymnasiums zu Heiligenstadt für das Jahr 1864,Heiligenstadt,Institut für Mundartforschung,E 006 Handbibliothek Dialektologie,links vorn,5. von oben,x,19,
250,"Kraus, Manfred",1974,Die Versprachlichung der um 'nörgeln' gelagerten Unmutsäußerungen in der schwäbischen Mundart. Studien zur sinnerschließenden Leistung des Dialektes in einem Affektbereich I. Band,Memmingen,FSU Jena Sektion Sprachwissenschaft Wissenschaftsbereich Deutsch Abt. Mundartforschung,E 006 Handbibliothek Dialektologie,links vorn,5. von oben,X,392,
251,"Kraus, Manfred",1974,Die Versprachlichung der um 'nörgeln' gelagerten Unmutsäußerungen in der schwäbischen Mundart. Studien zur sinnerschließenden Leistung des Dialektes in einem Affektbereich II. Band,Memmingen,FSU Jena Sektion Sprachwissenschaft Wissenschaftsbereich Deutsch Abt. Mundartforschung,E 006 Handbibliothek Dialektologie,links vorn,5. von oben,x,393-828,
252,"Kraus, Manfred",1974,Die Versprachlichung der um 'nörgeln' gelagerten Unmutsäußerungen in der schwäbischen Mundart. Studien zur sinnerschließenden Leistung des Dialektes in einem Affektbereich III. Band,Memmingen,FSU Jena Sektion Sprachwissenschaft Wissenschaftsbereich Deutsch Abt. Mundartforschung,E 006 Handbibliothek Dialektologie,links vorn,5. von oben,x,829-1227,
253,"Krauß, Friedrich",1958,Wörterbuch der nordsiebenbürgischen Handwerkssprachen,Siegburg,J85 FSU Jena Sektion Sprachwissenschaft Wissenschaftsbereich Deutsch Abt. Mundartforschung,E 006 Handbibliothek Dialektologie,links vorn,5. von oben,enmal verfügbar,1200,Landschaftsverband Rheinland. Historischer Sprachschatz des Rheinlandes Hrsg. Meisen Band 1
254,"Kreutzmann, Werner",1962,Die Praxis des Korrekturlesens,Leipzig,Institut für Mundartforschung,E 006 Handbibliothek Dialektologie,links vorn,5. von oben,in verschiedenen Auflagen vrfügbar,215+Karte,
255,"Kropp, Gerhard (Hrsg.)",1948,Phonetik als Naturwissenschaft,Berlin,Institut für Mundartforschung,E 006 Handbibliothek Dialektologie,links vorn,5. von oben,einmal verfügbar,76,
256,"Kürsten, Otto und Bremer, Otto",1910,Lautlehre der Mundart von Buttelstedt bei Weimar,Leipzig,Landesstelle für thüringische Mundartenforschung,E 006 Handbibliothek Dialektologie,links vorn,5. von oben,"zweimal verfügbar, auch als E-Book",270,Grammatiken deutscher Mundarten Band IX
257,Kusnezow (auf Russisch),1954,Russische Dialoge,Moskau,Institut für Mundartforschung,E 006 Handbibliothek Dialektologie,links vorn,5. von oben,x,153,
258,"Kufner, Herbert L.",1964,München,Göttingen,DAW Institut für deutsche Sprache und Literatur Institutsbibilothek,E 006 Handbibliothek Dialektologie,links vorn,5. von oben,x,27,Lautbibliothek der deutschen Mundarten Hrsg. Deutsches Spracharchiv
259,"Kuntze, Erich",1932,Studien zur Mundart der Stadt Saarbrücken (Lautlehre),Marburg,Institut für Mundartforschung,E 006 Handbibliothek Dialektologie,links vorn,5. von oben,einmal verfügbar,109,Deutsche Dialektgeographie. Berichte und Studien über G. Wenkers Sprachatlas des Deutschen Reichs hrsg. von Ferdinand Wrede Heft XXXI
260,"Kroh, Wilhelm",1912,Beiträge zur Nassauischen Dialektgeographie,Marburg,J85 FSU Jena Sektion Sprachwissenschaft Wissenschaftsbereich Deutsch Abt. Mundartforschung,E 006 Handbibliothek Dialektologie,links vorn,5. von oben,in einer Zeitschrift verfügbar,66,
261,"Kuhn, Hans",1963,Grenzen vor- und frühgeschichtlicher Ortsnamentypen,Wiesbaden,Institut für Mundartforschung,E 006 Handbibliothek Dialektologie,links vorn,5. von oben,einmal verfügbar,545-568,
262,"Lademann, Willy",1956,Wörterbuch der Teltower Volkssprache (Teltschet Wöderbuek),Berlin,Institut für Mundartforschung,E 006 Handbibliothek Dialektologie,links vorn,6. von oben,"einmal verfügbar, auch als E-Book",370,
263,"Lange, Heinrich",1963,Die Mundart der Orte Göddeckenrode und Isingerode und die Dialektgrenzen an der oberen Oker,Marburg,Institut für Mundartforschung,E 006 Handbibliothek Dialektologie,links vorn,6. von oben,x,224,Deutsche Dialektgeographie. Untersuchungen zum Deutschen Sprachatlas hrsg. Von Schmitt Band 68 a+b
264,"Lasch, Agathe",1914,Mitteldeutsche Grammatik,Halle (Saale),Landesstelle für thüringische Mundartenforschung,E 006 Handbibliothek Dialektologie,links vorn,6. von oben,x,286,Sammlung kurzer Grammatiken germanischer Dialekte hrsg. Von Braune Band IX
265,"Lasch, Agathe",1928,"""Berlinisch"" eine berlinische Sprachgeschichte",Berlin,J85 FSU Jena Sektion Sprachwissenschaft Wissenschaftsbereich Deutsch Abt. Mundartforschung,E 006 Handbibliothek Dialektologie,links vorn,6. von oben,einmal verfügbar,354,Berlinische Forschungen Texte und Untersuchungen hrsg. Von Behrend zweiter Band 
266,"Lehnert, Martin",1990,Anglo-amerikanisches im Sprachgebrauch der DDR,Berlin,J85 FSU Jena Sektion Sprachwissenschaft Wissenschaftsbereich Deutsch Abt. Mundartforschung,E 006 Handbibliothek Dialektologie,links vorn,6. von oben,einmal verfügbar,270,
267,"Leidolf, Julius",1891,Die Naunheimer Mundart. Eine lautliche Untersuchung,Darmstadt,Institut für Mundartforschung,E 006 Handbibliothek Dialektologie,links vorn,6. von oben,einmal verfügbar,53,
268,"Lehnert, Aloys",1926,Studien zur Dialektgeographie des Kreises Saarlouis,Bonn,Institut für Mundartforschung,E 006 Handbibliothek Dialektologie,links vorn,6. von oben,einmal verfügbar,277,Rheinische Beiträge und Hülfsbücher zur germanischen Philologie und Volkskunde hrsg. Von Frings et al Band 12
269,"Leihener, Erich",1908,"Cronenberger Wörterbuch (mit ortsgeschichtlicher, grammatischer und dialektgeographischer Einleitung)",Marburg,Institut für Mundartforschung,E 006 Handbibliothek Dialektologie,links vorn,6. von oben,einmal verfügbar,142,Deutsche Dialektgeographie. Berichte und Studien über G. Wenkers Saprachatlas des Deutschen Reiches hrsg. Von Wrede Heft II
270,"Lemmer, Manfred",1967,Deutscher Wortschatz. Bibliographie zur deutschen Lexikologie,Halle (Saale),Institut für Mundartforschung,E 006 Handbibliothek Dialektologie,links vorn,6. von oben,einmal verfügbar,123,
271,"Lenz, Philipp",1888,Der Handschuhsheimer Dialekt 1. Teil: Wörterverzeichnis,Leipzig,Landesstelle für thüringische Mundartenforschung,E 006 Handbibliothek Dialektologie,links vorn,6. von oben,x,55,
272,"Lerchner, Gotthard",1965,Studien zum nordwestgermanischen Wortschatz. Ein Beitrag zu den Fragen um Aufbau und Gliederung des Germanischen,Halle (Saale),Institut für Mundartforschung,E 006 Handbibliothek Dialektologie,links vorn,6. von oben,einmal verfügbar,380,Mitteldeutsche Studien hrsg. Von Frings und Grosse Band 28
273,"Lindgren, Kaj B.",1961,Die Ausbreitung der nhd. Diphthongierung bis 1500,Helsinki,J85 FSU Jena Sektion Sprachwissenschaft Wissenschaftsbereich Deutsch Abt. Mundartforschung,E 006 Handbibliothek Dialektologie,links vorn,6. von oben,einmal verfüpgbar,61,
274,"Linek, Jens",1986,Gegenüberstellung von veterinärmedizinischen Begriffen und ihren mundartlichen Synonymen aus der Bundesrepublik Deutschland,Hannover,J85 FSU Jena Sektion Sprachwissenschaft Wissenschaftsbereich Deutsch Abt. Mundartforschung,E 006 Handbibliothek Dialektologie,links vorn,6. von oben,x,90,
275,"Loewe, Richard",1889,Die Dialektmischung im Magdeburgischen Gebiete,Soltau,J85 FSU Jena Sektion Sprachwissenschaft Wissenschaftsbereich Deutsch Abt. Mundartforschung,E 006 Handbibliothek Dialektologie,links vorn,6. von oben,einmal verfügbar,52,
276,"Lajos, Lörincze (auf Ungarisch)",1955,Eine Methode zur Materialsammlung für einen ungarischen Sprachatlas,Budapest,Institut für Mundartforschung,E 006 Handbibliothek Dialektologie,links vorn,6. von oben,x,76,
277,"Macha, Jürgen",1992,Sprache und Witz. Die komische Kraft der Wörter,Bonn,Arbeitsstelle Thüringisches Wörterbuch,E 006 Handbibliothek Dialektologie,links vorn,6. von oben,als DVD verfügbar,125,
278,"Mackeldey, Roger",1987,Alltagssprachliche Dialoge. Kommunikative Funktionen und syntaktische Strukturen,Leipzig,J85 FSU Jena Sektion Sprachwissenschaft Wissenschaftsbereich Deutsch Abt. Mundartforschung,E 006 Handbibliothek Dialektologie,links vorn,6. von oben,einmal verfügbar,160,
279,"Martin, Bernhard",1984,Gesammelte Schriften zur waldeckisch-hessischen und deutschen Mundartforschung,Gießen,J85 FSU Jena Sektion Sprachwissenschaft Wissenschaftsbereich Deutsch Abt. Mundartforschung,E 006 Handbibliothek Dialektologie,links vorn,6. von oben,x,587,Beiträge zur deutschen Philologie hrsg. Von Ramge et al Band 59
280,"Manherz, K.",1977,Sprachgeographie und Sprachsoziologie der deutschen Mundarten in Westungarn,Budapest,J85 FSU Jena Sektion Sprachwissenschaft Wissenschaftsbereich Deutsch Abt. Mundartforschung,E 006 Handbibliothek Dialektologie,links vorn,6. von oben,einmal verfügbar,282,
281,"Martin, Bernhard",,Die hochdeutsche Mundartdichtung,"Berlin, Bielefeld, München",Institut für Mundartforschung,E 006 Handbibliothek Dialektologie,links vorn,6. von oben,x,258-311,
282,"Manherz, K.",1972,Soziale Schichten in den deutschen Mundarten in Nordwestungarn,Budapest,J85 FSU Jena Sektion Sprachwissenschaft Wissenschaftsbereich Deutsch Abt. Mundartforschung,E 006 Handbibliothek Dialektologie,links vorn,6. von oben,x,S. 85- 94,Annales Universitatis Scientiarum Budapestinensis de Rolando Eötvös Nominatae Sectio Linguistica Tomus III.
283,"Martin, Lothar",1956,Die Mundartlandschaft der mittleren Fulda (Kreis Rotenburg und Hersfeld),Marburg,Institut für Mundartforschung,E 006 Handbibliothek Dialektologie,links vorn,6. von oben,x,154+Karten,Buchreihe der Hessischen Blätter für Volkskunde hrsg. Von Bernhard Martin 3. Band
284,"Martin, E. und Lienhart, H.",2012,Wörterbuch der elsässischen Mundarten,x,Landesstelle für thüringische Mundartenforschung,E 006 Handbibliothek Dialektologie,links vorn,6. von oben,als E-Book verfügbar,33,"Separat-Abzug aus dem Jahrbuch für Geschichte, Sprache und Literatur Elsass-Lothringens Band X"
285,"Martin, E. und Lienhart, H.",,XI Zum Wörterbuch der elsässischen Mundarten,x,Landesstelle für thüringische Mundartenforschung,E 006 Handbibliothek Dialektologie,links vorn,6. von oben,x,27,
286,"Martin, Roland",1922,Untersuchungen zur rhein-moselfränkischen Dialektgrenze,Marburg,Institut für Mundartforschung,E 006 Handbibliothek Dialektologie,links vorn,6. von oben,zweimal vrfügbar,127+Karte,Deutsche Dialektgeographie. Berichte und Studien über G. Wenkers Sprachatlas des Deutschen Reichs hrsg. von Ferdinand Wrede Heft Xia
287,"Martinet, André",1968,Synchronische Sprachwissenschaft - Studien und Forschungen,Berlin,Institut für Mundartforschung,E 006 Handbibliothek Dialektologie,links vorn,6. von oben,"einmal verfügbar, auch als E-Book",212,
288,"Maurer, Friedrich",1952,"Nordgermanen und Alemannen. Studien zur germanischen und frühdeutschen Sprachgeschichte, Stammes- und Volkskunde mit 25 Abbildungen","Bern, München",Institut für Mundartforschung,E 006 Handbibliothek Dialektologie,links vorn,6. von oben,x,187,"Bibliotheca Germanica. Handbücher, Texte und Monographien aus dem Gebite der germanischen Philologie hrsg. Von Henzen et al (3)"
289,"Matthes, Paula",1926,"Sprachform, Wort- und Bedeutungskategorie und Begriff. Philosophische Untersuchungen im Anschluss an das Kategorienproblem in der gegenwärtigen Sprachwissenschaft",Göttingen,Institut für Mundartforschung,E 006 Handbibliothek Dialektologie,links vorn,6. von oben,einmal verfügbar,96,
290,"Maurer, Friedrich und Stroh, Friedrich",1959,Deutsche Wortgeschichte Band I,Berlin,Institut für Mundartforschung,E 006 Handbibliothek Dialektologie,links vorn,6. von oben,"zweimal verfügbar, auch als E-Book",492,Grundriss der germanischen Philologie Hrsg. Hermann Paul (17/1)
291,"Maurer, Friedrich und Stroh, Friedrich",1959,Deutsche Wortgeschichte Band II,Berlin,Institut für Mundartforschung,E 006 Handbibliothek Dialektologie,links vorn,6. von oben,zweimal verfügbar,613,Grundriss der germanischen Philologie Hrsg. Hermann Paul (17/2)
292,"Maurer, Friedrich und Stroh, Friedrich",1960,Deutsche Wortgeschichte Band III,Berlin,Institut für Mundartforschung,E 006 Handbibliothek Dialektologie,links vorn,6. von oben,einmal verfügbar,186,Grundriss der germanischen Philologie Hrsg. Hermann Paul (17/3)
293,"Maußer, Otto",1917,Deutsche Soladtensprache. Ihr Aufbau und ihre Probleme,Straßburg,J85 FSU Jena Sektion Sprachwissenschaft Wissenschaftsbereich Deutsch Abt. Mundartforschung,E 006 Handbibliothek Dialektologie,links vorn,6. von oben,x,132,Trübners Bibliothek Band 9
294,"Mauthner, Fritz",1920,Muttersprache und Vaterland,Leipzig,Germanistisches Institut Jena,E 006 Handbibliothek Dialektologie,links vorn,6. von oben,als E-Book verfügbar,73,
295,"van der Meer, M. J. ",1927,Historische Grammatik der niederländischen Sprache I. Band: Einleitung und Lautlehre,Heidelberg,FSU Jena Sektion Sprachwissenschaft Wissenschaftsbereich Deutsch Abt. Mundartforschung,E 006 Handbibliothek Dialektologie,links vorn,6. von oben,einmal verfügbar ,353,Germanische Bibliothek hrsg. Von Wilhelm Streitberg
296,"Mehlem, Richard",1938,Die Mundarten im Bau Südhannover-Braunschweig. Eine sprachunterrichtliche Erörterung,Hannover,Institut für Mundartforschung,E 006 Handbibliothek Dialektologie,links vorn,6. von oben,x,8 (lose),
297,"Mehler, Ernst",1934,Sprachliches Sondergut des Eichsfeldes. Volkstümliche Ausdrücke des südlichen Oberreichsfeldes,Heiligenstadt,FSU Jena Sektion Sprachwissenschaft Wissenschaftsbereich Deutsch Abt. Mundartforschung,E 006 Handbibliothek Dialektologie,links vorn,6. von oben,x,52,
298,"Meier, John",1894,Hallische Studentensprache,Halle (Saale),Institut für Mundartforschung,E 006 Handbibliothek Dialektologie,links vorn,6. von oben,zweimal verfügbar,97,
299,"Meinel, Hans",1932,Vogtländisch und Nordbayrisch,Halle (Saale),Landesstelle für thüringische Mundartenforschung,E 006 Handbibliothek Dialektologie,links vorn,6. von oben,zweimal verfügbar,120,Mitteldeutsche Studien. Arbeiten aus dem germanischen Seminar der Universität Leipzig unter Leitung von Theodor frings und Fritz Karg Heft 3
300,"Merges, Josef Karl Christian",1977,Der untere Niederrhein. Studien zu seiner sprachlichen Entwicklung,Bonn,J85 FSU Jena Sektion Sprachwissenschaft Wissenschaftsbereich Deutsch Abt. Mundartforschung,E 006 Handbibliothek Dialektologie,links vorn,6. von oben,x,435,
301,"Mettke, Heinz",1958,Die Beichte des Cunrad Merbot von Weida,Halle (Saale),Institut für Mundartforschung,E 006 Handbibliothek Dialektologie,links vorn,6. von oben,einmal verfügbar,80,
302,"Lutz, Bernd",1997,Metzler Autoren Lexikon (2. Aufl.),"Stuttgart, Weimar",Thüringisches Wörterbuch Arbeitsstelle der FSU Jena und der Sächsischen Akademie der Wissenschaften zu Leipzig,E 006 Handbibliothek Dialektologie,links vorn,6. von oben,einmal verfügbar,905,
303,"Michalk, Siegfried und Protze, Helmut",1967,"Deutsch-sorbische Dialekttexte aus Nochten, Kreis Weißwasser",Bautzen,Institut für Mundartforschung,E 006 Handbibliothek Dialektologie,links vorn,6. von oben,einmal verfügbar,173,Studien zur sprachlichen Interferenz 1
304,"Mills, Theodore M. ",1967,the sociology of small groups,New Jersey,Institut für Mundartforschung,E 006 Handbibliothek Dialektologie,links vorn,6. von oben,x,136,
305,"Mitzka, Walther",1943,Deutsche Mundarten,Heidelberg,J85 FSU Jena Sektion Sprachwissenschaft Wissenschaftsbereich Deutsch Abt. Mundartforschung,E 006 Handbibliothek Dialektologie,links das zweite Regal,1. von oben,einmal verfügbar,173,
306,"Mitzka, Walther",1937,Grundzüge nordostdeutscher Sprachgeschichte,Halle (Saale),Landesstelle für thüringische Mundartenforschung,E 006 Handbibliothek Dialektologie,links das zweite Regal,1. von oben,einmal verfügbar,108,
307,"Mitzschke, Paul",1915,"Thüringen und die Thüringer in Sprichwort, Redewendung, Gleichnis, Neckspruch und Beinamen",Erfurt,Institut für Mundartforschung,E 006 Handbibliothek Dialektologie,links das zweite Regal,1. von oben,einmal verfügbar,16,
308,"Mitzka, Walther",1950,Der Ahorn. Untersuchungen zum Deutschen Wortatlas,Gießen,Institut für Mundartforschung,E 006 Handbibliothek Dialektologie,links das zweite Regal,1. von oben,einmal verfügbar,80,
309,"Mitzka, Walther",1952,Handbuch zum Deutschen Sprachatlas,Marburg,Institut für Mundartforschung,E 006 Handbibliothek Dialektologie,links das zweite Regal,1. von oben,einmal verfügbar,180,
310,"Mitzka, Walther",1968,Kleine Schriften zur Sprachgeschichte und Sprachgeographie,Berlin,FSU Jena Sektion Sprachwissenschaft Wissenschaftsbereich Deutsch Abt. Mundartforschung,E 006 Handbibliothek Dialektologie,links das zweite Regal,1. von oben,"einmal verfügbar, auch als E-Book",454,
311,"Müller, Jos",1917,Die Nuß in rheinischer Sprache und Sitte,Elberfeld,Institut für Mundartforschung,E 006 Handbibliothek Dialektologie,links das zweite Regal,1. von oben,x,30,
312,"Moser, Hugo",1969,Deutsche Sprachgeschichte. Mit einer Einführung in die Fragen der Sprachbetrachtung,Tübingen,J85 FSU Jena Sektion Sprachwissenschaft Wissenschaftsbereich Deutsch Abt. Mundartforschung,E 006 Handbibliothek Dialektologie,links das zweite Regal,1. von oben,"in verschiedenen Zeitschriften verfügbar, auch als E-Book",227+Karten,
313,"Moser, Virgil",1929,"Frühneuhochdeutsche Grammatik 1. Band: Lautlehre 1. Hälfte: Orthographie, Betonung, Stammsilbenvokale",Heidelberg,Institut für Mundartforschung,E 006 Handbibliothek Dialektologie,links das zweite Regal,1. von oben,einmal verfügbar,215,"Germanische Bibliothek begründet von Wilhelm Streitberg, 1. Sammlung germanischer Elementar- und Handbücher, 1. Reihe: Grammatiken 17. Band"
314,"Moser, Virgil",1951,"Frühneuhochdeutsche Grammatik 1. Band: Lautlehre 3. Teil: Konsonanten, 2. Hälfte",Heidelberg,Institut für Mundartforschung,E 006 Handbibliothek Dialektologie,links das zweite Regal,1. von oben,x,332,"Germanische Bibliothek hrsg. Von Richard Kienast und Richard v. Kienle, erste Reihe Sprachwissenschaftliche Lehr- und Elementarbücher"
315,"Mener, Hans",1904,Der richtige Berliner in Wörtern und Redensarten,Berlin,Institut für Mundartforschung,E 006 Handbibliothek Dialektologie,links das zweite Regal,1. von oben,x,172,
316,"Moser, Virgil",1929,"Frühneuhochdeutsche Grammatik, 1. Band: Lautlehre, 1. Hälfte: Orthografie, Betonung, Stammsilbenvokale",Heidelberg,DAW Institut für deutsche Sprache und Literatur Institutsbibilothek,E 006 Handbibliothek Dialektologie,links das zweite Regal,1. von oben,einmal verfügbar ,215,"Germanische Bibliothek begründet von Wilhelm Streitberg, 1. Sammlung germanischer Elementar- und Handbücher, 1. Reihe: Grammatiken 17. Band"
317,"Moser, Georg",1936,Studien zur Dialektgeographie des Staudengebietes und des anstossenden Lechrains,Marburg,Landesstelle für thüringische Mundartenforschung,E 006 Handbibliothek Dialektologie,links das zweite Regal,1. von oben,einmal verfügbar,118,Deutsche Dialektgeographie. Berichte und studien über G. Wenkers Sprachatlas des Deutschen Reichs hrsg. Von Ferdinand Wrede Heft XXXII
318,"Muller, Charles",1972,Einführung in die Sprachstatistik,München,FSU Jena Sektion Sprachwissenschaft Wissenschaftsbereich Deutsch Abt. Mundartforschung,E 006 Handbibliothek Dialektologie,links das zweite Regal,2. von oben,"dreimal verfügbar, auch als E-Book",301,
319,"Müller, Ernst Erhard",1953,Die Basler Mundart im ausgehenden Mittelalter,Bern,Institut für Mundartforschung,E 006 Handbibliothek Dialektologie,links das zweite Regal,2. von oben,einmal verfügbar,250,Basler Studien zur deutschen Sprache und Literatur hrsg. von Friedrich Ranke und Walter Muschg Heft 14
320,"Müller, Jos",1914,Die Bohne in rheinischer Sprache und Sitte,Bonn,Institut für Mundartforschung,E 006 Handbibliothek Dialektologie,links das zweite Regal,2. von oben,x,43,
321,"Müller, Josef",1914,Der Apfel im Spiegel rheinischer Mundart,Halle (Saale),Institut für Mundartforschung,E 006 Handbibliothek Dialektologie,links das zweite Regal,2. von oben,x,23,
322,"Müller-Fraureuth, Karl",1906,Sächsische Volkswörter. Beiträge zur mundartlichen Volkskunde,Dresden,FSU Jena Sektion Sprachwissenschaft Wissenschaftsbereich Deutsch Abt. Mundartforschung,E 006 Handbibliothek Dialektologie,links das zweite Regal,2. von oben,"einmal verfügbar, auch als E-Book",115,
323,"Müller-Fraureuth, Karl",1904,Aus der Welt der Wörter. Vorträge über Gegenstände deutscher Wortforschung,Halle (Saale),Institut für Mundartforschung,E 006 Handbibliothek Dialektologie,links das zweite Regal,2. von oben,einmal verfügbar,230,
324,"Müller, Rolf",1966,"Die Synonymik von ""Peitsche""; Semantische Vorgänge in einem Wortbereich",Marburg,J85 FSU Jena Sektion Sprachwissenschaft Wissenschaftsbereich Deutsch Abt. Mundartforschung,E 006 Handbibliothek Dialektologie,links das zweite Regal,2. von oben,x,164,
325,"Neckel, Gustav",1929,Germanen und Kelten - historisch-linguistisch-rassenkundliche Forschungen und Gedanken zur Geisteskrisis,Heidelberg,Landesstelle für thüringische Mundartenforschung,E 006 Handbibliothek Dialektologie,links das zweite Regal,2. von oben,einmal verfügbar,142,Kultur und Sprache 6
326,"Niederlöhner, Wilhelm",1937,Untersuchungen zur Sprachgeographie des Coburger Landes (Auf Grund des Vokalismus),Erlangen,Institut für Mundartforschung,E 006 Handbibliothek Dialektologie,links das zweite Regal,2. von oben,einmal verfügbar,206,"Fränkische Forschungen. Arbeiten zur Sprachgeographie und zur Volkskunde, besonders der rhein- und ostfränkischen Gebiete hrsg. von Friedrich Maurer 10"
327,"Noreen, Adolf",1923,Altisländische und altnorwegische Grammatik : unter Berücksichtigung des Urnordischen,Halle (Saale),Institut für Mundartforschung,E 006 Handbibliothek Dialektologie,links das zweite Regal,2. von oben,"in verschiedenen Auflagen verfügbar, auch als E-Book",466,Sammlung kurzer Grammatiken germanischer Dialekte hrsg. von Wilhelm Braune IV. Altnordische Grammatik I
328,"Müller, Karl Friedrich",1951,Beiträge zur Sprachwissenschaft und Volkskunde. Festschrift für Ernst Ochs zum 60. Geburtstag ,Lahr,Institut für Mundartforschung,E 006 Handbibliothek Dialektologie,links das zweite Regal,2. von oben,einmal verfügbar,397,
329,"Ose, Matthias und Wagner, Eberhard",1993,Bayreuth immer wieder- auf und nieder. Das alterna(t)ive Geschichtsbuch,Bayreuth,Arbeitsstelle Thüringisches Wörterbuch,E 006 Handbibliothek Dialektologie,links das zweite Regal,2. von oben,x,79,
330,"Pätsch, Gertrud",1955,Grundfragen der Sprachtheorie,Halle (Saale),Institut für Mundartforschung,E 006 Handbibliothek Dialektologie,links das zweite Regal,2. von oben,einmal verfügbar,181,
331,"Palgen, Rudolf",1924,Judith. Ein mitteldeutsches Gedicht aus dem 13. Jahrhundert,Halle (Saale),Institut für Mundartforschung,E 006 Handbibliothek Dialektologie,links das zweite Regal,2. von oben,"einmal verfügbar, auch als E-Book",89,
332,"Patocka, Franz",1987,Das österreichische Salzwesen. Eine Untersuchung zur historischen Terminologie,"Wien, Köln, Graz",FSU Jena Sektion Sprachwissenschaft Wissenschaftsbereich Deutsch Abt. Mundartforschung,E 006 Handbibliothek Dialektologie,links das zweite Regal,2. von oben,x,353,Schriften zur Deutschen Sprache in Österreich Band 15
333,"Rawolle, Erich",1934,Mundart und Kolonisation in der Sächsich-Böhmischen Schweiz ,Halle (Saale),Institut für Mundartforschung,E 006 Handbibliothek Dialektologie,links das zweite Regal,3. von oben,x,68,Mitteldeutsche Studien. Arbeiten aus dem germanischen Seminar der Universität Leipzig unter Leitung von Theodor frings und Fritz Karg Heft 8
334,"Ramisch, Jakob ",1908,Studien zur niederrheinischen Dialektgeographie,Marburg,Institut für Mundartforschung,E 006 Handbibliothek Dialektologie,links das zweite Regal,3. von oben,mehrfach verfügbar,72 (1-72),Deutsche Dialektgeographie Heft 1
335,"Wrede, Ferdinand ",1908,Die Diminutiva im Deutschen,Marburg,Institut für Mundartforschung,E 006 Handbibliothek Dialektologie,links das zweite Regal,3. von oben,in einer Zeitschrift verfügbar,71 (73-144),Deutsche Dialektgeographie Heft 1
336,,1985,Geschichte und Gegenwart des Bezirks Cottbus,Cottbus,"Friedrich-Schiller-Universität Jena, Sektion Sprachwissenschaft, WB Germansitik, Abt. Mundartforschung / Thür. Wörterbuch",E 006 Handbibliothek Dialektologie,links das zweite Regal,3. von oben,in einer Zeitschrift verfügbar,222,Niederlausitzer Studien Heft 19
337,"Regula, Moritz",1951,Grundlegung und Grundprobleme der Syntax ,Heidelberg ,Institut für Mundartforschung,E 006 Handbibliothek Dialektologie,links das zweite Regal,3. von oben,einmal verfügbar,202,
338,"Reichardt, Edinhard",1895,Die Wasunger Mundart. Teil 1,Meiningen,Institut für Mundartforschung,E 006 Handbibliothek Dialektologie,links das zweite Regal,3. von oben,"verfügbar, auch als E-Book",156,Schriften des Vereins für Meiningische Geschichte und Landeskunde Hefz 17
340,"Reichardt, Edinhard",1914,Die Wasunger Mundart,Hildburghaufen,Institut für Mundartforschung,E 006 Handbibliothek Dialektologie,links das zweite Regal,3. von oben,"verfügbar, auch als E-Book",256,Schriften des Vereins für Sachsen-Meiningische Geschichte und Landeskunde
341,"Reiffenstein, Ingo",1955,Salzburgische Dialektgeographie: Die südmittelbairischen Mundarten zwischen Inn und Enns,Gießen,Institut für Mundartforschung,E 006 Handbibliothek Dialektologie,links das zweite Regal,3. von oben,einmal verfügbar,131,Beiträge zur deutschen Philologie hrsg. Von Mitzka et Band 4
342,"Reinhammar, Maj",1973,Om Dativ i Svenska och Norska Dialekter,Uppsala,"Friedrich-Schiller-Universität Jena, Sektion Sprachwissenschaft, Fachgebiet Deutsch,Mundartforschung",E 006 Handbibliothek Dialektologie,links das zweite Regal,3. von oben,x,273,Studier tillen svensk dialektgeografisk atlas hrsg. Lindqvist al. Band 6
343,"Reis, Hans",1920,Die deutschen Mundarten,Berlin & Leipzig ,Institut für Mundartforschung,E 006 Handbibliothek Dialektologie,links das zweite Regal,3. von oben,einmal verfügbar,144,Sammlung Göschen
344,"Rosenkranz, Heinz",1964,Der Thüringische Sprachraum: Untersuchungen zur dialektgeographischen Struktur und zur Sprachgeschichte Thüringens ,Halle (Saale),Institut für Mundartforschung,E 006 Handbibliothek Dialektologie,links das zweite Regal,3. von oben,zweimal verfügbar,298,Mitteldeutsche Studien hrsg. Von Frings
345,"Rudolf, Rainer",1973,Studien zur frühneuhochdeutschen Schriftsprache in Südböhmen ,Wien,"Friedrich-Schiller-Universität Jena, Sektion Sprachwissenschaft, WB Germansitik, Abt. Mundartforschung / Thür. Wörterbuch",E 006 Handbibliothek Dialektologie,links das zweite Regal,3. von oben,x,128,Studien zur Österreichisch-Bairischen Dialektkunde Nr. 8
346,"Rozwadowski, Jan v.",1904,Wortbildung und Wortbedeutung,Heidelberg,"Friedrich-Schiller-Universität Jena, Sektion Sprachwissenschaft, Fachgebiet Deutsch,Mundartforschung",E 006 Handbibliothek Dialektologie,links das zweite Regal,3. von oben,einmal verfügbar,109,
347,"Riezler, Sigmund",1909,Die bayerischen und schwäbischen Ortsnamen auf -ing und -ingen als historische Zeugnisse ,München,"Friedrich-Schiller-Universität Jena, Sektion Sprachwissenschaft, Fachgebiet Deutsch,Mundartforschung",E 006 Handbibliothek Dialektologie,links das zweite Regal,3. von oben,x,60,Sitzungsberichte der Königlich Bayerischen Akademie der Wissenschaften 2. Abhandlung
348,"Riesel, Elise",1964,Der Stil der deutschen Alltagsrede, Moskwa,Institut für Mundartforschung,E 006 Handbibliothek Dialektologie,links das zweite Regal,3. von oben,zweimal verfügbar,315,
349,"Riesel, Elise",1963,Stilistik der deutschen Sprache ,Moskau,Institut für Mundartforschung,E 006 Handbibliothek Dialektologie,links das zweite Regal,3. von oben,x,487,
350,"Resch, Gerhard",1980,Die Weinbauterminologie des Burgenlandes,Wien,"Friedrich-Schiller-Universität Jena, Sektion Sprachwissenschaft, Fachgebiet Deutsch,Mundartforschung",E 006 Handbibliothek Dialektologie,links das zweite Regal,3. von oben,x,233 + Karten,Schriften zur deutschen Sprach in Österreich Band 4
351,"Regel, Karl",1868,Die Ruhlaer Mundart,Weimar,"Landesstelle für thüringische Mundartenforschung Jena, Universität",E 006 Handbibliothek Dialektologie,links das zweite Regal,3. von oben,zweimal verfügbar,112,
352,"Ruppenthal, Gisela",1950,Der zweite Grasschnitt in deutscher Synonymik,Gießen,Institut für Mundartforschung,E 006 Handbibliothek Dialektologie,links das zweite Regal,3. von oben,einmal verfügbar,99 + Karten,Gießener Beiträge zur deutschen Philologie Hrsg. Mitzka 92
353,"Sallmann, Karl",1877,Lexikalische Beiträge zur deutschen Mundart in Estland,Leipzig,"Friedrich-Schiller-Universität Jena, Sektion Sprachwissenschaft, Fachgebiet Deutsch,Mundartforschung",E 006 Handbibliothek Dialektologie,links das zweite Regal,3. von oben,einmal verfügbar,88,
354,"Sallmann, Karl",1873,Die deutschen Mundarten in Estland,Kassel,,E 006 Handbibliothek Dialektologie,links das zweite Regal,3. von oben,x,69,
355,"Santifaller, Leo",1967,"Urkundenforschung - Methoden, Ziele, Ergebnisse",Weimar,Institut für Mundartforschung,E 006 Handbibliothek Dialektologie,links das zweite Regal,3. von oben,in mehreren Auflagen verfügbar,77,
356,"Nagel, Bert (Saran, Franz)",1953,Das Übersetzen aus dem Mittelhochdeutschen,Halle (Saale),Institut für Mundartforschung,E 006 Handbibliothek Dialektologie,links das zweite Regal,3. von oben,"zweimal verfügbar, auch als E-Book",219,
357,"Schädlich, Hans-Joachim",1966,Phonologie des Ostvogtländischen,Berlin,Institut für Mundartforschung,E 006 Handbibliothek Dialektologie,links das zweite Regal,3. von oben,einmal verfügbar,270,Reihe A Beiträge zur Sprachwissenschaft
358,"Schäffer, Julius ",1926,Das Mundartenbuch,"Berlin, Bonn",Institut für Mundartforschung,E 006 Handbibliothek Dialektologie,links das zweite Regal,3. von oben,einmal verfügbar,224,
359,"Schauerhammer, Alfred",1908,Mundart und Heimat Kaspar Scheitsauf grund seiner Reimkunst untersucht ,Halle (Saale),Institut für Mundartforschung,E 006 Handbibliothek Dialektologie,links das zweite Regal,3. von oben,x,173,Hermaea. Ausgewählte Arbeiten aus dem deutschen Seminar zu Halle Hrsg. Strauch Heft VI
360,"Scheuringer, Hermann",1985,Sprachstabilität und Sprachvaribilität im nördlichen oberösterreichischen Innviertel und im angrenzenden Niederbayern,Wien ,"Friedrich-Schiller-Universität Jena, Sektion Sprachwissenschaft, WB Germansitik, Abt. Mundartforschung / Thür. Wörterbuch",E 006 Handbibliothek Dialektologie,links das zweite Regal,3. von oben,x,139 + Karten,Schriften zur deutschen Sprache in Österreich hrsg. Von Wiesinger Band 9
361,"Scheutz, Hannes",1985,Strukturen der Lautveränderung,Wien ,"Friedrich-Schiller-Universität Jena, Sektion Sprachwissenschaft, WB Germansitik, Abt. Mundartforschung / Thür. Wörterbuch",E 006 Handbibliothek Dialektologie,links das zweite Regal,3. von oben,einmal verfügbar,297,Schriften zur deutschen Sprache in Österreich hrsg. Von Wiesinger Band 10
362,"Schirmunski, V. ",1965,Über die altgermanischen Stammesdialekte,Leningrad,Institut für Mundartforschung,E 006 Handbibliothek Dialektologie,links das zweite Regal,3. von oben,x,36,
363,"Schiepek, Josef",1899,Der Satzbau der Egerländer Mundart Erster Teil,Prag,Institut für Mundartforschung,E 006 Handbibliothek Dialektologie,links das zweite Regal,3. von oben,x,206,Beiträge zur Kenntnis der Deutsch-Böhmischen Mundarten hrsg. Von Lambel 
364,"Schiepek, Josef",1908,Der Satzbau der Egerländer Mundart Teil Zwei,Prag,Sprachwissenschaftliches Seminar Universität Jena,E 006 Handbibliothek Dialektologie,links das zweite Regal,3. von oben,x,607,Beiträge zur Kenntnis der Deutsch-Böhmischen Mundarten hrsg. Von Lambel 
365,"Schildt, Joachim",1976,Abriss der Geschichte der deutschen Sprache,Berlin,"Friedrich-Schiller-Universität Jena, Sektion Sprachwissenschaft, Fachgebiet Deutsch,Mundartforschung",E 006 Handbibliothek Dialektologie,links das zweite Regal,3. von oben,in verschiedenen Auflagen verfügbar,232 + Karten ,
366,"Schirmer, Alfred",1928,Beiträge zur nordthüringischen Dialektgeographie ,Marburg,Landesstelle für thürningische Mundartforschung Jena,E 006 Handbibliothek Dialektologie,links das zweite Regal,3. von oben,einmal verfügbar,35,
367,В. М. ЖИРМУНСКИЙ,1956,"НЕМЕЦКАЯ
ДИАЛЕКТОЛОГИЯ",Moskau,"Friedrich-Schiller-Universität Jena, Sektion Sprachwissenschaft, WB Germansitik, Abt. Mundartforschung / Thür. Wörterbuch",E 006 Handbibliothek Dialektologie,links das zweite Regal,3. von oben,x,636,
368,"Schlauch, Margaret",,Language and the study of languages today,Warschau,Institut für Mundartforschung,E 006 Handbibliothek Dialektologie,links das zweite Regal,3. von oben,einmal verfügbar,176,
369,"Schleicher, August",1853,Lituanica,Wien,"Germanisches Museum der Universität Jena, Landesstelle für thüringische Mundartforschung",E 006 Handbibliothek Dialektologie,links das zweite Regal,3. von oben,einmal verfügbar,83,
